02/01/2546,rtk,0.00,4.22
03/01/2546,rtk,0.00,0.00
04/01/2546,rtk,0.00,4.72
05/01/2546,rtk,0.00,4.72
06/01/2546,rtk,0.00,0.00
07/01/2546,rtk,0.00,0.00
08/01/2546,rtk,0.00,0.00
09/01/2546,rtk,0.00,0.00
10/01/2546,rtk,0.00,0.00
11/01/2546,rtk,0.00,5.51
12/01/2546,rtk,0.00,5.51
13/01/2546,rtk,0.00,4.21
14/01/2546,rtk,0.00,0.00
15/01/2546,rtk,0.00,1.93
16/01/2546,rtk,0.00,0.75
17/01/2546,rtk,0.00,0.00
18/01/2546,rtk,0.00,0.00
19/01/2546,rtk,0.00,0.00
20/01/2546,rtk,0.00,0.00
21/01/2546,rtk,0.00,0.00
22/01/2546,rtk,0.00,0.00
23/01/2546,rtk,0.00,0.00
24/01/2546,rtk,0.00,0.00
25/01/2546,rtk,0.00,0.00
26/01/2546,rtk,0.00,0.00
27/01/2546,rtk,0.00,0.00
28/01/2546,rtk,0.00,0.00
29/01/2546,rtk,0.00,0.00
30/01/2546,rtk,0.00,0.00
31/01/2546,rtk,0.00,0.00
01/02/2546,rtk,0.00,0.00
02/02/2546,rtk,0.00,0.00
03/02/2546,rtk,0.00,0.00
04/02/2546,rtk,0.00,0.00
05/02/2546,rtk,0.00,0.00
06/02/2546,rtk,0.00,0.00
07/02/2546,rtk,0.00,0.00
08/02/2546,rtk,0.00,0.00
09/02/2546,rtk,0.00,0.00
10/02/2546,rtk,0.00,0.00
11/02/2546,rtk,0.00,0.00
12/02/2546,rtk,0.00,0.00
13/02/2546,rtk,0.00,0.00
14/02/2546,rtk,0.00,0.00
15/02/2546,rtk,0.00,0.00
16/02/2546,rtk,0.00,0.00
17/02/2546,rtk,0.00,0.00
18/02/2546,rtk,0.00,0.00
19/02/2546,rtk,0.00,0.00
20/02/2546,rtk,0.00,0.00
21/02/2546,rtk,0.00,0.00
22/02/2546,rtk,0.00,0.00
23/02/2546,rtk,0.00,0.00
24/02/2546,rtk,0.00,0.00
25/02/2546,rtk,0.00,0.00
26/02/2546,rtk,0.00,0.00
27/02/2546,rtk,0.00,0.00
28/02/2546,rtk,0.00,0.00
01/03/2546,rtk,0.00,0.00
02/03/2546,rtk,0.00,0.00
03/03/2546,rtk,0.00,0.00
04/03/2546,rtk,0.00,1.04
05/03/2546,rtk,0.00,0.00
06/03/2546,rtk,0.00,0.00
07/03/2546,rtk,0.00,2.64
08/03/2546,rtk,0.00,2.99
09/03/2546,rtk,0.00,0.00
10/03/2546,rtk,0.00,0.00
11/03/2546,rtk,0.00,0.00
12/03/2546,rtk,0.00,0.00
13/03/2546,rtk,0.00,0.00
14/03/2546,rtk,0.00,0.00
15/03/2546,rtk,0.00,0.00
16/03/2546,rtk,0.00,3.84
17/03/2546,rtk,0.00,3.62
18/03/2546,rtk,0.00,3.89
19/03/2546,rtk,0.00,4.48
20/03/2546,rtk,0.00,4.38
21/03/2546,rtk,0.00,3.20
22/03/2546,rtk,0.00,0.00
23/03/2546,rtk,0.00,0.00
24/03/2546,rtk,0.00,3.20
25/03/2546,rtk,0.00,0.00
26/03/2546,rtk,0.00,0.00
27/03/2546,rtk,0.00,0.00
28/03/2546,rtk,0.00,2.71
29/03/2546,rtk,0.00,2.71
30/03/2546,rtk,0.00,2.71
31/03/2546,rtk,0.00,0.00
01/04/2546,rtk,0.00,2.71
02/04/2546,rtk,0.00,2.71
03/04/2546,rtk,0.00,0.00
04/04/2546,rtk,0.00,0.00
05/04/2546,rtk,0.00,0.00
06/04/2546,rtk,0.00,0.00
07/04/2546,rtk,0.00,0.00
08/04/2546,rtk,0.00,0.00
09/04/2546,rtk,0.00,0.00
10/04/2546,rtk,0.00,0.00
11/04/2546,rtk,0.00,0.00
12/04/2546,rtk,0.00,2.35
13/04/2546,rtk,0.00,2.35
14/04/2546,rtk,0.00,2.24
15/04/2546,rtk,0.00,0.00
16/04/2546,rtk,0.00,0.00
17/04/2546,rtk,0.00,2.34
18/04/2546,rtk,0.00,0.00
19/04/2546,rtk,0.00,0.00
20/04/2546,rtk,0.00,0.00
21/04/2546,rtk,0.00,0.00
22/04/2546,rtk,0.00,0.00
23/04/2546,rtk,0.00,0.00
24/04/2546,rtk,0.00,0.00
25/04/2546,rtk,0.00,2.27
26/04/2546,rtk,0.00,2.27
27/04/2546,rtk,0.00,2.27
28/04/2546,rtk,0.00,1.72
29/04/2546,rtk,0.00,1.72
30/04/2546,rtk,0.00,1.72
01/05/2546,rtk,0.00,1.72
02/05/2546,rtk,0.00,0.00
03/05/2546,rtk,0.00,1.72
04/05/2546,rtk,0.00,1.72
05/05/2546,rtk,0.00,1.72
06/05/2546,rtk,0.00,0.41
07/05/2546,rtk,0.87,0.42
08/05/2546,rtk,0.73,0.70
09/05/2546,rtk,1.36,0.00
10/05/2546,rtk,0.00,2.06
11/05/2546,rtk,0.00,1.15
12/05/2546,rtk,0.79,2.34
13/05/2546,rtk,0.00,2.03
14/05/2546,rtk,0.00,2.34
15/05/2546,rtk,0.00,1.88
16/05/2546,rtk,0.00,0.77
17/05/2546,rtk,0.00,1.10
18/05/2546,rtk,0.00,1.10
19/05/2546,rtk,0.83,1.93
20/05/2546,rtk,0.00,1.93
21/05/2546,rtk,0.00,1.93
22/05/2546,rtk,0.57,2.50
23/05/2546,rtk,0.00,2.50
24/05/2546,rtk,0.00,2.50
25/05/2546,rtk,0.00,2.50
26/05/2546,rtk,0.00,2.00
27/05/2546,rtk,0.49,1.75
28/05/2546,rtk,0.00,1.42
29/05/2546,rtk,0.00,1.06
30/05/2546,rtk,1.48,1.40
31/05/2546,rtk,0.00,1.42
01/06/2546,rtk,0.00,1.41
02/06/2546,rtk,0.00,2.59
03/06/2546,rtk,0.00,2.59
04/06/2546,rtk,0.00,2.59
05/06/2546,rtk,0.00,0.00
06/06/2546,rtk,0.00,2.58
07/06/2546,rtk,0.00,0.00
08/06/2546,rtk,0.00,2.12
09/06/2546,rtk,0.59,1.75
10/06/2546,rtk,0.86,1.72
11/06/2546,rtk,0.76,1.35
12/06/2546,rtk,0.84,1.34
13/06/2546,rtk,0.80,1.40
14/06/2546,rtk,0.00,1.40
15/06/2546,rtk,0.00,1.39
16/06/2546,rtk,0.00,1.43
17/06/2546,rtk,0.00,1.43
18/06/2546,rtk,0.00,1.43
19/06/2546,rtk,0.00,1.43
20/06/2546,rtk,0.00,1.43
21/06/2546,rtk,0.00,1.43
22/06/2546,rtk,0.00,1.43
23/06/2546,rtk,0.00,1.43
24/06/2546,rtk,0.00,0.00
25/06/2546,rtk,0.00,1.43
26/06/2546,rtk,0.00,1.43
27/06/2546,rtk,0.00,1.43
28/06/2546,rtk,0.00,1.43
29/06/2546,rtk,0.00,1.44
30/06/2546,rtk,0.00,1.44
01/07/2546,rtk,0.00,1.44
02/07/2546,rtk,0.00,1.44
03/07/2546,rtk,0.00,1.44
04/07/2546,rtk,0.00,1.45
05/07/2546,rtk,0.00,1.45
06/07/2546,rtk,0.00,1.44
07/07/2546,rtk,0.00,1.45
08/07/2546,rtk,0.00,1.45
09/07/2546,rtk,0.00,1.45
10/07/2546,rtk,0.00,1.45
11/07/2546,rtk,0.00,1.20
12/07/2546,rtk,0.00,1.20
13/07/2546,rtk,0.00,1.20
14/07/2546,rtk,0.00,1.21
15/07/2546,rtk,0.00,1.21
16/07/2546,rtk,0.00,1.55
17/07/2546,rtk,0.00,1.06
18/07/2546,rtk,0.00,1.27
19/07/2546,rtk,1.02,1.17
20/07/2546,rtk,0.00,1.16
21/07/2546,rtk,0.84,1.91
22/07/2546,rtk,0.00,2.41
23/07/2546,rtk,0.00,2.41
24/07/2546,rtk,0.00,2.41
25/07/2546,rtk,0.00,2.41
26/07/2546,rtk,0.00,2.11
27/07/2546,rtk,0.00,2.11
28/07/2546,rtk,0.00,2.44
29/07/2546,rtk,0.56,2.98
30/07/2546,rtk,0.00,2.98
31/07/2546,rtk,0.00,2.98
01/08/2546,rtk,0.59,2.74
02/08/2546,rtk,0.00,2.91
03/08/2546,rtk,0.00,2.91
04/08/2546,rtk,0.00,2.91
05/08/2546,rtk,0.00,2.91
06/08/2546,rtk,0.00,2.91
07/08/2546,rtk,0.00,2.11
08/08/2546,rtk,0.00,2.91
09/08/2546,rtk,0.00,2.90
10/08/2546,rtk,0.00,2.90
11/08/2546,rtk,0.00,2.90
12/08/2546,rtk,0.00,2.90
13/08/2546,rtk,0.00,2.90
14/08/2546,rtk,0.00,2.90
15/08/2546,rtk,0.00,1.97
16/08/2546,rtk,0.00,1.94
17/08/2546,rtk,0.00,1.94
18/08/2546,rtk,0.00,2.92
19/08/2546,rtk,0.00,2.61
20/08/2546,rtk,0.00,2.91
21/08/2546,rtk,0.00,2.91
22/08/2546,rtk,0.58,3.50
23/08/2546,rtk,0.00,3.50
24/08/2546,rtk,0.00,3.50
25/08/2546,rtk,0.00,3.50
26/08/2546,rtk,0.00,3.96
27/08/2546,rtk,0.00,3.96
28/08/2546,rtk,0.00,3.49
29/08/2546,rtk,0.00,2.07
30/08/2546,rtk,0.00,2.57
31/08/2546,rtk,0.00,2.88
01/09/2546,rtk,0.00,2.68
02/09/2546,rtk,0.00,2.31
03/09/2546,rtk,0.00,2.41
04/09/2546,rtk,0.00,2.76
05/09/2546,rtk,0.00,3.40
06/09/2546,rtk,0.85,4.21
07/09/2546,rtk,0.00,4.21
08/09/2546,rtk,0.00,3.19
09/09/2546,rtk,0.75,3.13
10/09/2546,rtk,0.92,3.05
11/09/2546,rtk,1.00,3.38
12/09/2546,rtk,0.89,3.78
13/09/2546,rtk,0.92,0.00
14/09/2546,rtk,0.00,4.69
15/09/2546,rtk,0.00,4.68
16/09/2546,rtk,0.00,4.21
17/09/2546,rtk,0.00,2.96
18/09/2546,rtk,0.00,2.48
19/09/2546,rtk,0.00,1.64
20/09/2546,rtk,0.00,2.09
21/09/2546,rtk,0.00,2.10
22/09/2546,rtk,0.00,0.82
23/09/2546,rtk,0.88,1.71
24/09/2546,rtk,0.00,0.84
25/09/2546,rtk,0.81,1.18
26/09/2546,rtk,0.00,1.17
27/09/2546,rtk,0.00,1.28
28/09/2546,rtk,1.21,1.85
29/09/2546,rtk,0.00,1.55
30/09/2546,rtk,0.00,1.85
01/10/2546,rtk,0.00,3.03
02/10/2546,rtk,0.00,1.90
03/10/2546,rtk,0.65,1.01
04/10/2546,rtk,0.89,1.90
05/10/2546,rtk,0.00,1.90
06/10/2546,rtk,0.00,1.65
07/10/2546,rtk,0.00,1.12
08/10/2546,rtk,0.00,1.24
09/10/2546,rtk,0.00,0.02
10/10/2546,rtk,1.15,0.07
11/10/2546,rtk,1.35,0.23
12/10/2546,rtk,1.03,1.44
13/10/2546,rtk,0.00,0.63
14/10/2546,rtk,0.00,0.48
15/10/2546,rtk,1.05,0.42
16/10/2546,rtk,1.21,1.73
17/10/2546,rtk,0.00,1.27
18/10/2546,rtk,1.11,2.28
19/10/2546,rtk,0.00,2.38
20/10/2546,rtk,0.00,2.36
21/10/2546,rtk,0.00,2.36
22/10/2546,rtk,0.00,2.37
23/10/2546,rtk,0.00,3.04
24/10/2546,rtk,0.00,2.31
25/10/2546,rtk,0.00,2.31
26/10/2546,rtk,0.00,2.30
27/10/2546,rtk,0.00,1.91
28/10/2546,rtk,0.00,0.84
29/10/2546,rtk,0.00,0.91
30/10/2546,rtk,0.00,1.40
31/10/2546,rtk,0.00,0.00
01/11/2546,rtk,0.00,0.00
02/11/2546,rtk,0.00,0.00
03/11/2546,rtk,0.00,0.00
04/11/2546,rtk,0.00,0.00
05/11/2546,rtk,0.00,0.00
06/11/2546,rtk,0.00,0.00
07/11/2546,rtk,0.00,0.00
08/11/2546,rtk,0.00,0.00
09/11/2546,rtk,0.00,0.00
10/11/2546,rtk,0.00,0.00
11/11/2546,rtk,0.00,0.00
12/11/2546,rtk,0.00,0.00
13/11/2546,rtk,0.00,0.00
14/11/2546,rtk,0.00,0.00
15/11/2546,rtk,0.00,0.00
16/11/2546,rtk,0.00,0.00
17/11/2546,rtk,0.00,0.00
18/11/2546,rtk,0.00,0.00
19/11/2546,rtk,0.00,0.00
20/11/2546,rtk,0.00,0.00
21/11/2546,rtk,0.00,0.00
22/11/2546,rtk,0.00,0.00
23/11/2546,rtk,0.00,0.00
24/11/2546,rtk,0.00,0.00
25/11/2546,rtk,0.00,0.00
26/11/2546,rtk,0.00,0.00
27/11/2546,rtk,0.00,0.00
28/11/2546,rtk,0.00,0.00
29/11/2546,rtk,0.00,0.00
30/11/2546,rtk,0.00,0.00
01/12/2546,rtk,0.00,0.00
02/12/2546,rtk,0.00,0.00
03/12/2546,rtk,0.00,0.00
04/12/2546,rtk,0.00,0.00
05/12/2546,rtk,0.00,0.00
06/12/2546,rtk,0.00,0.00
07/12/2546,rtk,0.00,0.00
08/12/2546,rtk,0.00,0.00
09/12/2546,rtk,0.00,0.00
10/12/2546,rtk,0.00,0.00
11/12/2546,rtk,0.00,0.00
12/12/2546,rtk,0.00,0.00
13/12/2546,rtk,0.00,0.00
14/12/2546,rtk,0.00,0.00
15/12/2546,rtk,0.00,0.00
16/12/2546,rtk,0.00,0.00
17/12/2546,rtk,0.00,0.00
18/12/2546,rtk,0.00,0.00
19/12/2546,rtk,0.00,0.00
20/12/2546,rtk,0.00,0.00
21/12/2546,rtk,0.00,0.00
22/12/2546,rtk,0.00,0.00
23/12/2546,rtk,0.00,0.00
24/12/2546,rtk,0.00,0.00
25/12/2546,rtk,0.00,0.00
26/12/2546,rtk,0.00,0.00
27/12/2546,rtk,0.00,0.00
28/12/2546,rtk,0.00,0.00
29/12/2546,rtk,0.00,0.00
30/12/2546,rtk,0.00,0.00
31/12/2546,rtk,0.00,0.00
01/01/2547,rtk,0.00,0.00
02/01/2547,rtk,0.00,0.00
03/01/2547,rtk,0.00,0.00
04/01/2547,rtk,0.00,0.00
05/01/2547,rtk,0.00,0.00
06/01/2547,rtk,0.00,0.00
07/01/2547,rtk,0.00,0.00
08/01/2547,rtk,0.00,0.00
09/01/2547,rtk,0.00,0.00
10/01/2547,rtk,0.00,0.00
11/01/2547,rtk,0.00,0.00
12/01/2547,rtk,0.00,0.00
13/01/2547,rtk,0.00,0.00
14/01/2547,rtk,0.00,0.00
15/01/2547,rtk,0.00,0.00
16/01/2547,rtk,0.00,0.00
17/01/2547,rtk,0.00,0.00
18/01/2547,rtk,0.00,0.00
19/01/2547,rtk,0.00,0.00
20/01/2547,rtk,0.00,0.00
21/01/2547,rtk,0.00,0.00
22/01/2547,rtk,0.00,0.00
23/01/2547,rtk,0.00,0.00
24/01/2547,rtk,0.00,0.00
25/01/2547,rtk,0.00,0.00
26/01/2547,rtk,0.00,0.00
27/01/2547,rtk,0.00,0.00
28/01/2547,rtk,0.00,0.00
29/01/2547,rtk,0.00,0.00
30/01/2547,rtk,0.00,0.00
31/01/2547,rtk,0.00,0.00
01/02/2547,rtk,0.00,0.00
02/02/2547,rtk,0.00,0.00
03/02/2547,rtk,0.00,0.00
04/02/2547,rtk,0.00,0.00
05/02/2547,rtk,0.00,0.00
06/02/2547,rtk,0.00,0.00
07/02/2547,rtk,0.00,0.00
08/02/2547,rtk,0.00,0.00
09/02/2547,rtk,0.00,0.00
10/02/2547,rtk,0.00,0.00
11/02/2547,rtk,0.00,0.00
12/02/2547,rtk,0.00,0.00
13/02/2547,rtk,0.00,0.00
14/02/2547,rtk,0.00,0.00
15/02/2547,rtk,0.00,0.00
16/02/2547,rtk,0.00,0.00
17/02/2547,rtk,0.00,0.00
18/02/2547,rtk,0.00,0.00
19/02/2547,rtk,0.00,0.00
20/02/2547,rtk,0.00,0.00
21/02/2547,rtk,0.00,0.00
22/02/2547,rtk,0.00,0.00
23/02/2547,rtk,0.00,0.00
24/02/2547,rtk,0.00,0.00
25/02/2547,rtk,0.00,0.00
26/02/2547,rtk,0.00,0.00
27/02/2547,rtk,0.00,0.00
28/02/2547,rtk,0.00,0.00
29/02/2547,rtk,0.00,0.00
01/03/2547,rtk,0.00,0.00
02/03/2547,rtk,0.00,0.00
03/03/2547,rtk,0.00,0.00
04/03/2547,rtk,0.00,0.00
05/03/2547,rtk,0.00,0.00
06/03/2547,rtk,0.00,0.00
07/03/2547,rtk,0.30,0.30
08/03/2547,rtk,1.32,0.31
09/03/2547,rtk,0.82,0.00
10/03/2547,rtk,0.00,0.37
11/03/2547,rtk,0.00,0.37
12/03/2547,rtk,0.00,0.37
13/03/2547,rtk,0.00,0.37
14/03/2547,rtk,0.00,0.37
15/03/2547,rtk,0.00,0.37
16/03/2547,rtk,0.00,0.37
17/03/2547,rtk,0.78,0.00
18/03/2547,rtk,0.00,0.00
19/03/2547,rtk,1.01,0.55
20/03/2547,rtk,0.91,1.57
21/03/2547,rtk,0.00,1.52
22/03/2547,rtk,0.00,0.31
23/03/2547,rtk,0.00,0.00
24/03/2547,rtk,0.00,0.00
25/03/2547,rtk,0.84,0.00
26/03/2547,rtk,0.00,0.00
27/03/2547,rtk,0.00,0.00
28/03/2547,rtk,1.30,0.00
29/03/2547,rtk,0.00,0.31
30/03/2547,rtk,0.00,0.31
31/03/2547,rtk,0.00,0.31
01/04/2547,rtk,0.00,0.67
02/04/2547,rtk,1.27,0.73
03/04/2547,rtk,0.00,1.26
04/04/2547,rtk,0.00,1.31
05/04/2547,rtk,1.05,0.00
06/04/2547,rtk,1.14,1.64
07/04/2547,rtk,0.84,0.00
08/04/2547,rtk,0.00,0.00
09/04/2547,rtk,1.10,3.24
10/04/2547,rtk,0.00,3.32
11/04/2547,rtk,1.17,3.69
12/04/2547,rtk,1.17,4.15
13/04/2547,rtk,1.27,4.22
14/04/2547,rtk,1.54,4.97
15/04/2547,rtk,0.00,4.92
16/04/2547,rtk,1.07,4.94
17/04/2547,rtk,0.00,5.49
18/04/2547,rtk,0.81,5.79
19/04/2547,rtk,1.10,5.75
20/04/2547,rtk,1.23,6.13
21/04/2547,rtk,1.31,6.53
22/04/2547,rtk,0.00,7.01
23/04/2547,rtk,1.04,7.32
24/04/2547,rtk,0.20,7.01
25/04/2547,rtk,0.65,7.13
26/04/2547,rtk,0.00,5.55
27/04/2547,rtk,0.00,5.87
28/04/2547,rtk,1.67,7.55
29/04/2547,rtk,0.00,8.35
30/04/2547,rtk,0.00,7.74
01/05/2547,rtk,0.00,7.76
02/05/2547,rtk,0.00,7.78
03/05/2547,rtk,0.00,7.40
04/05/2547,rtk,0.00,8.21
05/05/2547,rtk,1.05,8.11
06/05/2547,rtk,1.50,9.03
07/05/2547,rtk,0.77,9.38
08/05/2547,rtk,0.00,8.73
09/05/2547,rtk,0.00,9.21
10/05/2547,rtk,0.00,8.94
11/05/2547,rtk,0.00,8.98
12/05/2547,rtk,0.77,8.87
13/05/2547,rtk,0.00,9.79
14/05/2547,rtk,0.00,8.57
15/05/2547,rtk,0.88,9.00
16/05/2547,rtk,0.00,9.06
17/05/2547,rtk,0.67,9.29
18/05/2547,rtk,0.54,8.64
19/05/2547,rtk,0.73,8.26
20/05/2547,rtk,1.07,8.72
21/05/2547,rtk,0.00,9.42
22/05/2547,rtk,0.40,9.47
23/05/2547,rtk,0.00,8.57
24/05/2547,rtk,0.00,8.49
25/05/2547,rtk,0.00,8.81
26/05/2547,rtk,0.00,8.67
27/05/2547,rtk,0.00,8.38
28/05/2547,rtk,0.00,7.58
29/05/2547,rtk,0.00,6.88
30/05/2547,rtk,0.00,6.32
31/05/2547,rtk,0.00,6.00
01/06/2547,rtk,0.00,5.63
02/06/2547,rtk,0.00,6.62
03/06/2547,rtk,1.60,7.60
04/06/2547,rtk,0.00,7.81
05/06/2547,rtk,0.00,7.61
06/06/2547,rtk,0.00,7.96
07/06/2547,rtk,0.00,8.92
08/06/2547,rtk,0.00,9.51
09/06/2547,rtk,0.00,9.34
10/06/2547,rtk,0.00,8.85
11/06/2547,rtk,0.00,9.00
12/06/2547,rtk,0.00,9.31
13/06/2547,rtk,0.00,9.37
14/06/2547,rtk,0.00,8.98
15/06/2547,rtk,0.00,0.00
16/06/2547,rtk,0.00,8.78
17/06/2547,rtk,0.00,7.93
18/06/2547,rtk,0.00,7.91
19/06/2547,rtk,0.00,8.58
20/06/2547,rtk,1.21,0.00
21/06/2547,rtk,0.00,8.16
22/06/2547,rtk,0.68,7.52
23/06/2547,rtk,0.96,7.14
24/06/2547,rtk,0.93,7.09
25/06/2547,rtk,0.93,6.40
26/06/2547,rtk,0.00,6.50
27/06/2547,rtk,0.00,0.00
28/06/2547,rtk,0.00,6.92
29/06/2547,rtk,0.00,6.89
30/06/2547,rtk,0.00,5.42
01/07/2547,rtk,0.00,4.82
02/07/2547,rtk,0.00,0.00
03/07/2547,rtk,0.94,4.84
04/07/2547,rtk,0.00,5.46
05/07/2547,rtk,0.00,5.33
06/07/2547,rtk,1.59,5.35
07/07/2547,rtk,0.00,4.09
08/07/2547,rtk,0.00,3.78
09/07/2547,rtk,0.00,3.65
10/07/2547,rtk,0.00,5.42
11/07/2547,rtk,0.00,7.26
12/07/2547,rtk,1.69,8.31
13/07/2547,rtk,0.00,8.49
14/07/2547,rtk,1.32,8.96
15/07/2547,rtk,0.00,8.16
16/07/2547,rtk,0.83,6.56
17/07/2547,rtk,0.00,3.18
18/07/2547,rtk,1.76,4.22
19/07/2547,rtk,0.00,0.00
20/07/2547,rtk,1.94,4.14
21/07/2547,rtk,1.07,4.29
22/07/2547,rtk,0.00,5.66
23/07/2547,rtk,1.58,6.45
24/07/2547,rtk,2.15,8.11
25/07/2547,rtk,0.00,9.48
26/07/2547,rtk,0.00,8.38
27/07/2547,rtk,0.00,8.73
28/07/2547,rtk,0.00,8.39
29/07/2547,rtk,0.00,7.53
30/07/2547,rtk,0.00,5.72
31/07/2547,rtk,0.64,4.77
01/08/2547,rtk,1.95,6.28
02/08/2547,rtk,1.67,7.38
03/08/2547,rtk,1.65,8.52
04/08/2547,rtk,0.00,8.13
05/08/2547,rtk,0.00,0.00
06/08/2547,rtk,0.00,8.52
07/08/2547,rtk,1.04,8.21
08/08/2547,rtk,0.00,8.86
09/08/2547,rtk,0.81,8.52
10/08/2547,rtk,1.09,8.48
11/08/2547,rtk,0.92,8.37
12/08/2547,rtk,1.11,9.48
13/08/2547,rtk,0.00,8.49
14/08/2547,rtk,0.89,6.87
15/08/2547,rtk,0.00,6.49
16/08/2547,rtk,0.00,6.30
17/08/2547,rtk,0.00,4.07
18/08/2547,rtk,1.18,3.71
19/08/2547,rtk,1.19,3.59
20/08/2547,rtk,0.00,3.48
21/08/2547,rtk,1.21,4.12
22/08/2547,rtk,0.00,4.89
23/08/2547,rtk,1.86,5.41
24/08/2547,rtk,1.06,3.97
25/08/2547,rtk,0.00,3.19
26/08/2547,rtk,1.12,2.73
27/08/2547,rtk,0.00,2.62
28/08/2547,rtk,1.12,2.71
29/08/2547,rtk,0.00,3.50
30/08/2547,rtk,1.14,4.36
31/08/2547,rtk,1.77,5.04
01/09/2547,rtk,0.00,6.40
02/09/2547,rtk,0.00,7.02
03/09/2547,rtk,0.00,7.84
04/09/2547,rtk,1.02,8.31
05/09/2547,rtk,1.07,8.92
06/09/2547,rtk,0.90,7.44
07/09/2547,rtk,0.00,7.05
08/09/2547,rtk,0.00,6.89
09/09/2547,rtk,1.68,7.53
10/09/2547,rtk,1.65,7.36
11/09/2547,rtk,1.02,6.42
12/09/2547,rtk,1.01,6.96
13/09/2547,rtk,0.00,7.65
14/09/2547,rtk,1.03,8.42
15/09/2547,rtk,0.00,7.11
16/09/2547,rtk,0.51,5.21
17/09/2547,rtk,0.00,4.97
18/09/2547,rtk,0.00,4.35
19/09/2547,rtk,0.00,5.72
20/09/2547,rtk,1.86,6.67
21/09/2547,rtk,1.03,5.00
22/09/2547,rtk,1.82,5.52
23/09/2547,rtk,1.69,6.45
24/09/2547,rtk,1.76,6.42
25/09/2547,rtk,1.75,6.70
26/09/2547,rtk,1.15,5.95
27/09/2547,rtk,0.97,4.77
28/09/2547,rtk,1.15,3.96
29/09/2547,rtk,1.15,3.48
30/09/2547,rtk,0.00,3.94
01/10/2547,rtk,1.71,4.81
02/10/2547,rtk,1.83,6.18
03/10/2547,rtk,1.94,7.57
04/10/2547,rtk,1.70,7.73
05/10/2547,rtk,1.68,8.46
06/10/2547,rtk,1.34,8.83
07/10/2547,rtk,0.65,8.24
08/10/2547,rtk,1.06,8.10
09/10/2547,rtk,0.78,7.63
10/10/2547,rtk,0.87,8.15
11/10/2547,rtk,1.60,7.81
12/10/2547,rtk,1.05,7.65
13/10/2547,rtk,1.06,7.03
14/10/2547,rtk,0.96,5.22
15/10/2547,rtk,0.69,3.95
16/10/2547,rtk,1.19,4.72
17/10/2547,rtk,1.76,6.47
18/10/2547,rtk,1.80,7.29
19/10/2547,rtk,1.71,7.94
20/10/2547,rtk,0.00,7.50
21/10/2547,rtk,0.00,5.67
22/10/2547,rtk,0.00,4.72
23/10/2547,rtk,0.00,5.28
24/10/2547,rtk,0.00,6.27
25/10/2547,rtk,0.00,7.50
26/10/2547,rtk,0.00,7.59
27/10/2547,rtk,1.72,8.12
28/10/2547,rtk,0.99,8.04
29/10/2547,rtk,1.03,8.53
30/10/2547,rtk,1.37,8.48
31/10/2547,rtk,0.00,7.57
01/11/2547,rtk,0.00,7.80
02/11/2547,rtk,0.56,8.08
03/11/2547,rtk,1.13,9.21
04/11/2547,rtk,0.58,8.53
05/11/2547,rtk,0.00,6.32
06/11/2547,rtk,0.96,6.00
07/11/2547,rtk,0.66,5.85
08/11/2547,rtk,0.88,5.29
09/11/2547,rtk,-0.19,5.09
10/11/2547,rtk,1.78,5.18
11/11/2547,rtk,0.97,4.64
12/11/2547,rtk,1.80,4.92
13/11/2547,rtk,1.54,6.04
14/11/2547,rtk,3.03,8.47
15/11/2547,rtk,1.34,7.52
16/11/2547,rtk,1.43,7.52
17/11/2547,rtk,1.49,7.51
18/11/2547,rtk,1.39,8.48
19/11/2547,rtk,1.43,8.13
20/11/2547,rtk,1.21,8.07
21/11/2547,rtk,0.29,8.73
22/11/2547,rtk,1.17,8.34
23/11/2547,rtk,0.50,5.64
24/11/2547,rtk,0.00,4.22
25/11/2547,rtk,0.58,1.32
26/11/2547,rtk,1.34,2.29
27/11/2547,rtk,1.88,4.18
28/11/2547,rtk,1.95,5.50
29/11/2547,rtk,1.77,6.13
30/11/2547,rtk,1.08,6.66
01/12/2547,rtk,1.15,7.47
02/12/2547,rtk,1.11,7.12
03/12/2547,rtk,0.89,7.20
04/12/2547,rtk,0.49,7.20
05/12/2547,rtk,1.44,6.98
06/12/2547,rtk,1.84,8.20
07/12/2547,rtk,1.63,8.20
08/12/2547,rtk,1.01,8.74
09/12/2547,rtk,0.95,8.74
10/12/2547,rtk,0.90,7.21
11/12/2547,rtk,1.22,6.44
12/12/2547,rtk,0.88,6.74
13/12/2547,rtk,1.84,8.34
14/12/2547,rtk,1.23,9.32
15/12/2547,rtk,0.47,9.40
16/12/2547,rtk,0.40,9.11
17/12/2547,rtk,0.71,9.19
18/12/2547,rtk,0.56,8.37
19/12/2547,rtk,0.83,8.34
20/12/2547,rtk,1.57,9.39
21/12/2547,rtk,0.46,9.39
22/12/2547,rtk,1.09,8.91
23/12/2547,rtk,0.86,9.14
24/12/2547,rtk,0.00,8.63
25/12/2547,rtk,0.65,8.85
26/12/2547,rtk,0.99,8.98
27/12/2547,rtk,0.83,9.14
28/12/2547,rtk,0.66,9.38
29/12/2547,rtk,0.51,9.88
30/12/2547,rtk,0.00,7.47
31/12/2547,rtk,1.62,8.23
01/01/2548,rtk,1.63,8.73
02/01/2548,rtk,1.02,8.82
03/01/2548,rtk,1.07,8.89
04/01/2548,rtk,1.02,9.07
05/01/2548,rtk,0.94,7.96
06/01/2548,rtk,1.84,7.92
07/01/2548,rtk,1.76,7.19
08/01/2548,rtk,0.00,5.43
09/01/2548,rtk,0.89,5.74
10/01/2548,rtk,1.24,6.32
11/01/2548,rtk,1.20,5.01
12/01/2548,rtk,1.17,4.48
13/01/2548,rtk,1.12,4.00
14/01/2548,rtk,1.17,4.38
15/01/2548,rtk,1.33,5.44
16/01/2548,rtk,1.35,6.88
17/01/2548,rtk,1.11,7.49
18/01/2548,rtk,1.07,6.59
19/01/2548,rtk,1.31,6.44
20/01/2548,rtk,1.00,5.93
21/01/2548,rtk,0.90,5.08
22/01/2548,rtk,0.59,3.66
23/01/2548,rtk,1.52,4.66
24/01/2548,rtk,1.88,4.49
25/01/2548,rtk,1.78,5.06
26/01/2548,rtk,1.68,5.45
27/01/2548,rtk,1.70,5.62
28/01/2548,rtk,1.62,5.11
29/01/2548,rtk,1.43,4.29
30/01/2548,rtk,2.32,5.88
31/01/2548,rtk,1.81,6.69
01/02/2548,rtk,0.00,4.51
02/02/2548,rtk,1.10,4.49
03/02/2548,rtk,1.86,5.16
04/02/2548,rtk,1.30,5.85
05/02/2548,rtk,1.09,5.17
06/02/2548,rtk,2.75,7.19
07/02/2548,rtk,1.67,8.07
08/02/2548,rtk,0.00,4.36
09/02/2548,rtk,1.91,4.43
10/02/2548,rtk,1.82,4.44
11/02/2548,rtk,1.82,4.18
12/02/2548,rtk,1.67,4.50
13/02/2548,rtk,3.57,7.41
14/02/2548,rtk,1.53,6.97
15/02/2548,rtk,0.00,5.30
16/02/2548,rtk,1.82,5.88
17/02/2548,rtk,1.34,5.67
18/02/2548,rtk,1.02,3.32
19/02/2548,rtk,1.24,3.01
20/02/2548,rtk,1.64,4.01
21/02/2548,rtk,1.23,4.18
22/02/2548,rtk,1.71,4.54
23/02/2548,rtk,1.76,5.30
24/02/2548,rtk,1.81,4.82
25/02/2548,rtk,1.76,5.01
26/02/2548,rtk,1.76,5.67
27/02/2548,rtk,1.58,6.62
28/02/2548,rtk,1.70,7.17
01/03/2548,rtk,1.31,7.23
02/03/2548,rtk,1.28,7.45
03/03/2548,rtk,1.87,8.39
04/03/2548,rtk,1.49,9.26
05/03/2548,rtk,0.52,9.36
06/03/2548,rtk,0.00,8.77
07/03/2548,rtk,1.13,8.63
08/03/2548,rtk,1.01,7.98
09/03/2548,rtk,1.45,8.18
10/03/2548,rtk,1.76,7.24
11/03/2548,rtk,1.23,5.33
12/03/2548,rtk,1.74,5.88
13/03/2548,rtk,1.41,6.67
14/03/2548,rtk,1.34,7.33
15/03/2548,rtk,1.31,8.02
16/03/2548,rtk,1.22,8.23
17/03/2548,rtk,0.86,7.95
18/03/2548,rtk,1.20,8.24
19/03/2548,rtk,1.02,8.09
20/03/2548,rtk,1.34,7.94
21/03/2548,rtk,1.03,7.50
22/03/2548,rtk,1.05,7.42
23/03/2548,rtk,1.17,7.25
24/03/2548,rtk,1.12,7.25
25/03/2548,rtk,1.12,7.62
26/03/2548,rtk,1.06,8.12
27/03/2548,rtk,1.61,9.08
28/03/2548,rtk,0.80,8.34
29/03/2548,rtk,0.49,7.18
30/03/2548,rtk,0.83,6.87
31/03/2548,rtk,0.00,5.36
01/04/2548,rtk,1.33,5.59
02/04/2548,rtk,1.45,5.63
03/04/2548,rtk,1.52,6.84
04/04/2548,rtk,1.78,8.37
05/04/2548,rtk,1.54,8.72
06/04/2548,rtk,0.74,8.25
07/04/2548,rtk,0.97,7.27
08/04/2548,rtk,1.02,8.13
09/04/2548,rtk,0.00,8.13
10/04/2548,rtk,0.00,8.13
11/04/2548,rtk,0.00,8.13
12/04/2548,rtk,0.00,8.13
13/04/2548,rtk,0.00,8.13
14/04/2548,rtk,0.00,8.13
15/04/2548,rtk,0.00,8.13
16/04/2548,rtk,0.00,8.13
17/04/2548,rtk,0.00,8.13
18/04/2548,rtk,0.00,8.12
19/04/2548,rtk,0.00,8.12
20/04/2548,rtk,0.00,8.12
21/04/2548,rtk,0.00,8.12
22/04/2548,rtk,0.00,8.11
23/04/2548,rtk,0.00,8.11
24/04/2548,rtk,0.00,8.11
25/04/2548,rtk,0.00,8.08
26/04/2548,rtk,0.00,7.14
27/04/2548,rtk,0.91,6.21
28/04/2548,rtk,0.98,5.72
29/04/2548,rtk,0.00,5.21
30/04/2548,rtk,0.00,3.77
01/05/2548,rtk,4.09,7.05
02/05/2548,rtk,0.72,6.13
03/05/2548,rtk,1.92,5.45
04/05/2548,rtk,1.41,5.56
05/05/2548,rtk,1.37,4.63
06/05/2548,rtk,1.25,3.71
07/05/2548,rtk,1.31,4.07
08/05/2548,rtk,3.46,6.57
09/05/2548,rtk,1.77,5.27
10/05/2548,rtk,0.00,4.00
11/05/2548,rtk,1.62,3.34
12/05/2548,rtk,1.81,4.12
13/05/2548,rtk,1.62,4.07
14/05/2548,rtk,1.52,4.76
15/05/2548,rtk,0.00,4.13
16/05/2548,rtk,1.83,4.75
17/05/2548,rtk,1.42,3.84
18/05/2548,rtk,1.77,3.50
19/05/2548,rtk,1.68,2.99
20/05/2548,rtk,1.47,3.05
21/05/2548,rtk,1.61,3.88
22/05/2548,rtk,2.08,5.60
23/05/2548,rtk,2.89,7.33
24/05/2548,rtk,0.98,6.90
25/05/2548,rtk,0.81,7.00
26/05/2548,rtk,1.01,5.10
27/05/2548,rtk,1.02,5.10
28/05/2548,rtk,0.80,3.02
29/05/2548,rtk,4.57,7.59
30/05/2548,rtk,1.74,8.02
31/05/2548,rtk,1.65,8.01
01/06/2548,rtk,1.24,5.49
02/06/2548,rtk,1.77,6.77
03/06/2548,rtk,1.16,5.63
04/06/2548,rtk,0.98,5.33
05/06/2548,rtk,3.85,8.48
06/06/2548,rtk,1.23,8.01
07/06/2548,rtk,1.48,7.78
08/06/2548,rtk,1.46,7.28
09/06/2548,rtk,1.04,6.89
10/06/2548,rtk,1.20,6.27
11/06/2548,rtk,1.64,6.18
12/06/2548,rtk,3.68,8.86
13/06/2548,rtk,1.04,7.02
14/06/2548,rtk,0.00,7.54
15/06/2548,rtk,1.28,8.01
16/06/2548,rtk,0.99,8.59
17/06/2548,rtk,0.93,9.21
18/06/2548,rtk,0.50,8.15
19/06/2548,rtk,1.73,9.09
20/06/2548,rtk,0.72,7.23
21/06/2548,rtk,1.34,7.05
22/06/2548,rtk,1.63,7.57
23/06/2548,rtk,0.96,6.85
24/06/2548,rtk,1.18,6.88
25/06/2548,rtk,0.00,7.61
26/06/2548,rtk,1.58,8.49
27/06/2548,rtk,1.34,8.04
28/06/2548,rtk,1.67,8.64
29/06/2548,rtk,1.13,8.76
30/06/2548,rtk,1.10,8.51
01/07/2548,rtk,1.18,9.30
02/07/2548,rtk,0.56,7.79
03/07/2548,rtk,2.11,9.23
04/07/2548,rtk,0.80,6.88
05/07/2548,rtk,1.76,7.54
06/07/2548,rtk,1.21,7.40
07/07/2548,rtk,1.51,7.00
08/07/2548,rtk,1.58,7.45
09/07/2548,rtk,1.67,8.28
10/07/2548,rtk,1.64,9.06
11/07/2548,rtk,0.79,7.64
12/07/2548,rtk,1.66,8.15
13/07/2548,rtk,1.66,8.62
14/07/2548,rtk,0.00,8.32
15/07/2548,rtk,1.58,7.90
16/07/2548,rtk,1.65,7.18
17/07/2548,rtk,2.28,8.75
18/07/2548,rtk,1.15,8.48
19/07/2548,rtk,1.03,6.57
20/07/2548,rtk,0.00,6.40
21/07/2548,rtk,0.83,4.77
22/07/2548,rtk,4.15,8.53
23/07/2548,rtk,1.24,8.28
24/07/2548,rtk,0.00,8.96
25/07/2548,rtk,0.94,8.80
26/07/2548,rtk,0.00,7.91
27/07/2548,rtk,1.21,8.16
28/07/2548,rtk,1.05,7.81
29/07/2548,rtk,1.14,7.56
30/07/2548,rtk,1.10,7.68
31/07/2548,rtk,2.15,8.95
01/08/2548,rtk,0.78,9.01
02/08/2548,rtk,0.90,8.64
03/08/2548,rtk,1.18,8.48
04/08/2548,rtk,1.10,8.79
05/08/2548,rtk,1.00,8.74
06/08/2548,rtk,0.90,7.19
07/08/2548,rtk,1.88,8.26
08/08/2548,rtk,1.40,7.60
09/08/2548,rtk,1.45,8.00
10/08/2548,rtk,1.88,8.60
11/08/2548,rtk,1.22,9.42
12/08/2548,rtk,0.00,8.56
13/08/2548,rtk,0.71,6.99
14/08/2548,rtk,2.82,9.13
15/08/2548,rtk,0.62,7.90
16/08/2548,rtk,1.59,8.32
17/08/2548,rtk,1.14,7.98
18/08/2548,rtk,1.76,8.61
19/08/2548,rtk,1.21,8.76
20/08/2548,rtk,0.92,7.33
21/08/2548,rtk,1.81,7.98
22/08/2548,rtk,1.37,7.27
23/08/2548,rtk,1.28,7.25
24/08/2548,rtk,1.72,7.40
25/08/2548,rtk,1.14,5.63
26/08/2548,rtk,1.84,5.82
27/08/2548,rtk,1.80,5.87
28/08/2548,rtk,0.00,7.64
29/08/2548,rtk,0.00,8.04
30/08/2548,rtk,1.84,8.49
31/08/2548,rtk,1.17,8.34
01/09/2548,rtk,1.12,8.94
02/09/2548,rtk,0.89,8.06
03/09/2548,rtk,1.04,8.13
04/09/2548,rtk,1.62,8.62
05/09/2548,rtk,1.34,6.92
06/09/2548,rtk,1.56,5.75
07/09/2548,rtk,1.48,4.20
08/09/2548,rtk,1.66,3.43
09/09/2548,rtk,1.95,6.22
10/09/2548,rtk,2.01,6.03
11/09/2548,rtk,2.42,7.81
12/09/2548,rtk,1.87,6.89
13/09/2548,rtk,1.86,6.02
14/09/2548,rtk,1.91,5.62
15/09/2548,rtk,1.93,1.95
16/09/2548,rtk,2.20,1.54
17/09/2548,rtk,2.19,1.52
18/09/2548,rtk,4.19,6.01
19/09/2548,rtk,3.16,7.37
20/09/2548,rtk,2.02,6.69
21/09/2548,rtk,2.14,6.16
22/09/2548,rtk,2.33,5.49
23/09/2548,rtk,1.96,6.29
24/09/2548,rtk,2.05,6.68
25/09/2548,rtk,2.65,8.28
26/09/2548,rtk,1.81,4.94
27/09/2548,rtk,3.21,6.04
28/09/2548,rtk,1.87,4.74
29/09/2548,rtk,1.69,1.97
30/09/2548,rtk,2.05,2.35
01/10/2548,rtk,1.96,2.05
02/10/2548,rtk,4.59,5.88
03/10/2548,rtk,2.75,6.70
04/10/2548,rtk,1.84,7.21
05/10/2548,rtk,3.03,8.04
06/10/2548,rtk,1.92,7.97
07/10/2548,rtk,1.86,7.29
08/10/2548,rtk,1.83,6.14
09/10/2548,rtk,3.68,8.56
10/10/2548,rtk,1.51,8.09
11/10/2548,rtk,2.84,6.72
12/10/2548,rtk,1.91,6.02
13/10/2548,rtk,0.00,4.23
14/10/2548,rtk,1.97,5.06
15/10/2548,rtk,1.90,5.45
16/10/2548,rtk,3.86,7.87
17/10/2548,rtk,1.86,6.79
18/10/2548,rtk,1.85,7.36
19/10/2548,rtk,2.10,7.32
20/10/2548,rtk,1.77,7.36
21/10/2548,rtk,1.74,7.04
22/10/2548,rtk,1.62,6.75
23/10/2548,rtk,0.23,6.15
24/10/2548,rtk,2.58,8.22
25/10/2548,rtk,2.12,5.67
26/10/2548,rtk,2.30,4.06
27/10/2548,rtk,4.81,3.47
28/10/2548,rtk,0.00,3.01
29/10/2548,rtk,2.13,4.38
30/10/2548,rtk,3.76,7.42
31/10/2548,rtk,2.15,7.07
01/11/2548,rtk,2.15,6.43
02/11/2548,rtk,0.00,3.72
03/11/2548,rtk,1.58,2.97
04/11/2548,rtk,2.02,3.27
05/11/2548,rtk,2.06,4.84
06/11/2548,rtk,4.17,8.27
07/11/2548,rtk,1.72,8.58
08/11/2548,rtk,1.35,7.31
09/11/2548,rtk,1.48,6.19
10/11/2548,rtk,1.65,4.86
11/11/2548,rtk,1.68,3.96
12/11/2548,rtk,1.96,5.18
13/11/2548,rtk,3.81,8.05
14/11/2548,rtk,1.82,8.07
15/11/2548,rtk,1.67,7.85
16/11/2548,rtk,1.88,8.62
17/11/2548,rtk,1.26,7.97
18/11/2548,rtk,1.76,7.52
19/11/2548,rtk,1.74,7.40
20/11/2548,rtk,2.47,8.88
21/11/2548,rtk,1.00,9.00
22/11/2548,rtk,0.91,8.76
23/11/2548,rtk,1.15,8.65
24/11/2548,rtk,1.25,8.64
25/11/2548,rtk,1.13,7.79
26/11/2548,rtk,1.07,6.53
27/11/2548,rtk,1.36,6.92
28/11/2548,rtk,1.43,6.66
29/11/2548,rtk,1.92,6.84
30/11/2548,rtk,1.35,6.87
01/12/2548,rtk,1.61,6.68
02/12/2548,rtk,1.22,6.01
03/12/2548,rtk,0.83,3.53
04/12/2548,rtk,0.57,2.89
05/12/2548,rtk,3.27,5.74
06/12/2548,rtk,1.90,6.93
07/12/2548,rtk,1.47,8.13
08/12/2548,rtk,1.80,8.68
09/12/2548,rtk,0.96,7.36
10/12/2548,rtk,1.16,5.77
11/12/2548,rtk,1.18,6.16
12/12/2548,rtk,1.86,7.33
13/12/2548,rtk,1.26,8.02
14/12/2548,rtk,1.22,7.89
15/12/2548,rtk,1.20,8.14
16/12/2548,rtk,1.28,8.44
17/12/2548,rtk,1.20,7.64
18/12/2548,rtk,1.59,8.34
19/12/2548,rtk,1.30,8.80
20/12/2548,rtk,1.05,8.81
21/12/2548,rtk,1.25,8.41
22/12/2548,rtk,1.20,8.31
23/12/2548,rtk,1.03,7.81
24/12/2548,rtk,0.00,7.34
25/12/2548,rtk,1.93,8.30
26/12/2548,rtk,1.22,7.53
27/12/2548,rtk,1.21,8.22
28/12/2548,rtk,1.18,8.68
29/12/2548,rtk,1.10,8.75
30/12/2548,rtk,1.10,7.09
31/12/2548,rtk,0.65,6.36
01/01/2549,rtk,0.00,7.94
02/01/2549,rtk,1.91,7.53
03/01/2549,rtk,0.00,4.06
04/01/2549,rtk,1.13,5.20
05/01/2549,rtk,1.06,4.43
06/01/2549,rtk,1.74,4.88
07/01/2549,rtk,1.28,5.58
08/01/2549,rtk,3.30,8.15
09/01/2549,rtk,1.76,8.88
10/01/2549,rtk,0.62,9.07
11/01/2549,rtk,0.81,9.18
12/01/2549,rtk,0.73,7.81
13/01/2549,rtk,1.31,7.81
14/01/2549,rtk,0.98,7.10
15/01/2549,rtk,1.12,7.45
16/01/2549,rtk,1.37,8.27
17/01/2549,rtk,0.83,7.32
18/01/2549,rtk,1.85,7.92
19/01/2549,rtk,0.92,7.26
20/01/2549,rtk,0.61,6.65
21/01/2549,rtk,1.91,6.96
22/01/2549,rtk,2.55,8.86
23/01/2549,rtk,0.96,7.07
24/01/2549,rtk,0.69,5.45
25/01/2549,rtk,1.01,4.89
26/01/2549,rtk,1.54,5.52
27/01/2549,rtk,1.21,6.27
28/01/2549,rtk,1.31,6.97
29/01/2549,rtk,2.92,8.86
30/01/2549,rtk,0.98,8.22
31/01/2549,rtk,1.15,7.15
01/02/2549,rtk,1.05,5.16
02/02/2549,rtk,0.00,4.86
03/02/2549,rtk,1.79,5.10
04/02/2549,rtk,1.37,5.58
05/02/2549,rtk,3.67,8.20
06/02/2549,rtk,1.34,7.34
07/02/2549,rtk,1.66,6.88
08/02/2549,rtk,1.21,6.64
09/02/2549,rtk,1.31,7.36
10/02/2549,rtk,1.12,6.31
11/02/2549,rtk,0.56,3.78
12/02/2549,rtk,3.07,6.41
13/02/2549,rtk,2.95,8.38
14/02/2549,rtk,1.07,8.04
15/02/2549,rtk,1.23,9.27
16/02/2549,rtk,0.00,8.66
17/02/2549,rtk,0.61,7.21
18/02/2549,rtk,1.06,6.22
19/02/2549,rtk,3.40,8.60
20/02/2549,rtk,0.76,6.93
21/02/2549,rtk,0.00,3.75
22/02/2549,rtk,1.11,2.43
23/02/2549,rtk,1.68,3.36
24/02/2549,rtk,1.62,4.29
25/02/2549,rtk,1.28,3.08
26/02/2549,rtk,4.01,5.94
27/02/2549,rtk,1.49,6.47
28/02/2549,rtk,1.17,4.47
01/03/2549,rtk,1.92,5.40
02/03/2549,rtk,1.42,5.89
03/03/2549,rtk,1.32,5.36
04/03/2549,rtk,1.32,4.88
05/03/2549,rtk,3.63,7.57
06/03/2549,rtk,1.10,7.88
07/03/2549,rtk,1.18,7.44
08/03/2549,rtk,1.05,7.34
09/03/2549,rtk,0.80,4.59
10/03/2549,rtk,1.22,2.94
11/03/2549,rtk,1.39,2.73
12/03/2549,rtk,3.18,4.87
13/03/2549,rtk,1.51,3.21
14/03/2549,rtk,2.10,5.32
15/03/2549,rtk,1.86,5.75
16/03/2549,rtk,1.75,6.00
17/03/2549,rtk,0.98,5.24
18/03/2549,rtk,1.41,4.34
19/03/2549,rtk,3.94,7.32
20/03/2549,rtk,1.76,7.73
21/03/2549,rtk,1.64,7.47
22/03/2549,rtk,1.16,6.49
23/03/2549,rtk,1.59,6.13
24/03/2549,rtk,1.13,5.31
25/03/2549,rtk,1.13,5.25
26/03/2549,rtk,3.92,8.22
27/03/2549,rtk,1.03,7.22
28/03/2549,rtk,1.10,7.02
29/03/2549,rtk,1.24,7.31
30/03/2549,rtk,1.63,8.04
31/03/2549,rtk,1.74,8.66
01/04/2549,rtk,1.10,9.12
02/04/2549,rtk,0.78,8.86
03/04/2549,rtk,1.00,7.87
04/04/2549,rtk,1.65,6.27
05/04/2549,rtk,1.07,5.86
06/04/2549,rtk,0.81,3.58
07/04/2549,rtk,1.49,2.24
08/04/2549,rtk,1.90,3.13
09/04/2549,rtk,3.09,5.67
10/04/2549,rtk,1.54,6.24
11/04/2549,rtk,1.06,6.25
12/04/2549,rtk,1.59,7.57
13/04/2549,rtk,1.38,6.09
14/04/2549,rtk,1.17,5.51
15/04/2549,rtk,3.56,8.08
16/04/2549,rtk,1.54,8.53
17/04/2549,rtk,1.38,8.73
18/04/2549,rtk,1.00,8.22
19/04/2549,rtk,0.00,7.03
20/04/2549,rtk,1.59,6.34
21/04/2549,rtk,1.66,3.33
22/04/2549,rtk,1.41,1.36
23/04/2549,rtk,5.65,6.31
24/04/2549,rtk,1.45,6.15
25/04/2549,rtk,1.67,5.52
26/04/2549,rtk,1.48,4.59
27/04/2549,rtk,1.70,5.19
28/04/2549,rtk,1.29,5.10
29/04/2549,rtk,1.39,4.95
30/04/2549,rtk,3.22,7.73
01/05/2549,rtk,1.93,8.88
02/05/2549,rtk,1.02,6.65
03/05/2549,rtk,1.70,5.11
04/05/2549,rtk,1.63,3.09
05/05/2549,rtk,1.29,2.50
06/05/2549,rtk,1.84,2.81
07/05/2549,rtk,3.76,6.24
08/05/2549,rtk,1.78,6.10
09/05/2549,rtk,1.83,7.36
10/05/2549,rtk,1.42,7.07
11/05/2549,rtk,1.78,7.49
12/05/2549,rtk,1.27,5.73
13/05/2549,rtk,1.77,5.14
14/05/2549,rtk,6.96,9.39
15/05/2549,rtk,0.44,8.91
16/05/2549,rtk,0.00,7.88
17/05/2549,rtk,0.81,6.80
18/05/2549,rtk,1.79,7.23
19/05/2549,rtk,1.70,7.58
20/05/2549,rtk,1.67,7.10
21/05/2549,rtk,2.80,8.93
22/05/2549,rtk,0.00,7.61
23/05/2549,rtk,1.70,6.89
24/05/2549,rtk,1.61,4.81
25/05/2549,rtk,1.96,4.29
26/05/2549,rtk,1.90,4.17
27/05/2549,rtk,1.56,3.57
28/05/2549,rtk,3.16,6.06
29/05/2549,rtk,3.81,4.63
30/05/2549,rtk,1.85,3.90
31/05/2549,rtk,2.84,4.87
01/06/2549,rtk,2.68,5.03
02/06/2549,rtk,1.93,4.11
03/06/2549,rtk,1.67,4.01
04/06/2549,rtk,0.00,7.88
05/06/2549,rtk,1.76,7.89
06/06/2549,rtk,1.72,7.72
07/06/2549,rtk,1.54,6.41
08/06/2549,rtk,1.79,5.21
09/06/2549,rtk,1.71,5.78
10/06/2549,rtk,1.70,5.57
11/06/2549,rtk,2.76,7.24
12/06/2549,rtk,1.13,6.72
13/06/2549,rtk,1.65,5.45
14/06/2549,rtk,1.58,4.70
15/06/2549,rtk,1.60,4.13
16/06/2549,rtk,1.64,2.68
17/06/2549,rtk,1.47,1.77
18/06/2549,rtk,4.25,5.60
19/06/2549,rtk,1.86,5.66
20/06/2549,rtk,1.84,5.60
21/06/2549,rtk,1.85,4.96
22/06/2549,rtk,1.87,3.86
23/06/2549,rtk,1.76,2.99
24/06/2549,rtk,1.76,2.68
25/06/2549,rtk,4.57,6.76
26/06/2549,rtk,1.83,7.07
27/06/2549,rtk,1.82,7.50
28/06/2549,rtk,1.79,7.93
29/06/2549,rtk,0.98,6.87
30/06/2549,rtk,1.77,7.30
01/07/2549,rtk,1.55,6.78
02/07/2549,rtk,1.86,8.07
03/07/2549,rtk,1.77,8.12
04/07/2549,rtk,1.58,8.00
05/07/2549,rtk,1.75,8.05
06/07/2549,rtk,1.73,7.81
07/07/2549,rtk,1.53,7.26
08/07/2549,rtk,1.66,6.15
09/07/2549,rtk,1.83,6.96
10/07/2549,rtk,1.50,7.92
11/07/2549,rtk,1.87,8.72
12/07/2549,rtk,1.18,6.94
13/07/2549,rtk,1.51,6.17
14/07/2549,rtk,1.69,5.97
15/07/2549,rtk,1.78,5.10
16/07/2549,rtk,3.88,7.81
17/07/2549,rtk,1.64,7.33
18/07/2549,rtk,0.86,5.92
19/07/2549,rtk,1.85,5.66
20/07/2549,rtk,1.87,5.30
21/07/2549,rtk,1.85,5.44
22/07/2549,rtk,1.77,4.84
23/07/2549,rtk,4.11,7.80
24/07/2549,rtk,1.79,5.19
25/07/2549,rtk,1.87,5.11
26/07/2549,rtk,1.78,6.35
27/07/2549,rtk,2.30,7.54
28/07/2549,rtk,1.84,6.76
29/07/2549,rtk,1.81,6.27
30/07/2549,rtk,3.62,8.57
31/07/2549,rtk,1.13,8.46
01/08/2549,rtk,1.42,8.78
02/08/2549,rtk,1.12,6.31
03/08/2549,rtk,1.73,6.24
04/08/2549,rtk,2.07,6.25
05/08/2549,rtk,2.38,6.45
06/08/2549,rtk,3.14,8.70
07/08/2549,rtk,1.06,6.37
08/08/2549,rtk,1.86,6.80
09/08/2549,rtk,2.49,6.80
10/08/2549,rtk,2.43,7.08
11/08/2549,rtk,2.70,7.86
12/08/2549,rtk,1.43,8.22
13/08/2549,rtk,1.82,8.31
14/08/2549,rtk,1.62,8.51
15/08/2549,rtk,1.40,8.21
16/08/2549,rtk,1.70,8.22
17/08/2549,rtk,1.63,7.46
18/08/2549,rtk,1.68,6.16
19/08/2549,rtk,1.80,5.45
20/08/2549,rtk,3.95,8.58
21/08/2549,rtk,1.30,7.74
22/08/2549,rtk,1.61,7.67
23/08/2549,rtk,1.70,8.07
24/08/2549,rtk,1.77,7.83
25/08/2549,rtk,1.73,7.89
26/08/2549,rtk,1.69,7.91
27/08/2549,rtk,2.00,8.57
28/08/2549,rtk,1.21,8.04
29/08/2549,rtk,1.86,8.15
30/08/2549,rtk,1.61,8.49
31/08/2549,rtk,1.10,8.33
01/09/2549,rtk,0.00,6.75
02/09/2549,rtk,1.76,6.23
03/09/2549,rtk,2.13,6.99
04/09/2549,rtk,1.82,6.32
05/09/2549,rtk,1.87,5.92
06/09/2549,rtk,2.53,6.64
07/09/2549,rtk,4.33,7.81
08/09/2549,rtk,1.67,7.09
09/09/2549,rtk,1.44,6.40
10/09/2549,rtk,3.48,8.36
11/09/2549,rtk,1.51,7.92
12/09/2549,rtk,2.02,7.91
13/09/2549,rtk,1.83,8.12
14/09/2549,rtk,1.77,5.12
15/09/2549,rtk,1.35,2.80
16/09/2549,rtk,3.11,4.29
17/09/2549,rtk,3.76,7.55
18/09/2549,rtk,2.31,7.14
19/09/2549,rtk,2.64,7.45
20/09/2549,rtk,2.38,8.71
21/09/2549,rtk,1.16,5.74
22/09/2549,rtk,2.37,5.19
23/09/2549,rtk,3.28,7.35
24/09/2549,rtk,2.55,7.73
25/09/2549,rtk,2.18,8.24
26/09/2549,rtk,1.66,7.90
27/09/2549,rtk,1.94,6.91
28/09/2549,rtk,1.79,5.98
29/09/2549,rtk,2.78,5.56
30/09/2549,rtk,2.59,6.27
01/10/2549,rtk,3.60,8.33
02/10/2549,rtk,1.48,8.42
03/10/2549,rtk,1.29,6.78
04/10/2549,rtk,2.60,7.99
05/10/2549,rtk,1.04,6.74
06/10/2549,rtk,2.12,7.77
07/10/2549,rtk,0.46,7.60
08/10/2549,rtk,1.81,7.79
09/10/2549,rtk,2.06,7.77
10/10/2549,rtk,2.13,7.21
11/10/2549,rtk,2.17,8.38
12/10/2549,rtk,1.42,7.61
13/10/2549,rtk,1.63,6.25
14/10/2549,rtk,1.30,6.70
15/10/2549,rtk,3.19,7.57
16/10/2549,rtk,2.31,6.38
17/10/2549,rtk,3.21,6.50
18/10/2549,rtk,3.04,7.25
19/10/2549,rtk,2.73,7.79
20/10/2549,rtk,2.09,6.62
21/10/2549,rtk,2.15,4.83
22/10/2549,rtk,3.56,7.33
23/10/2549,rtk,2.47,8.22
24/10/2549,rtk,1.65,7.31
25/10/2549,rtk,2.59,3.50
26/10/2549,rtk,1.90,3.50
27/10/2549,rtk,3.00,3.10
28/10/2549,rtk,3.17,5.79
29/10/2549,rtk,3.23,8.35
30/10/2549,rtk,1.53,8.43
31/10/2549,rtk,1.33,8.13
01/11/2549,rtk,1.82,7.23
02/11/2549,rtk,2.66,8.32
03/11/2549,rtk,1.37,7.77
04/11/2549,rtk,1.82,7.52
05/11/2549,rtk,2.21,7.94
06/11/2549,rtk,1.67,6.77
07/11/2549,rtk,2.98,7.61
08/11/2549,rtk,1.61,7.55
09/11/2549,rtk,2.24,6.71
10/11/2549,rtk,1.84,5.70
11/11/2549,rtk,2.11,5.96
12/11/2549,rtk,3.21,8.02
13/11/2549,rtk,2.01,6.72
14/11/2549,rtk,2.31,6.29
15/11/2549,rtk,2.84,6.70
16/11/2549,rtk,2.41,5.70
17/11/2549,rtk,3.49,6.31
18/11/2549,rtk,2.57,6.12
19/11/2549,rtk,3.26,7.86
20/11/2549,rtk,2.01,7.21
21/11/2549,rtk,2.03,6.24
22/11/2549,rtk,2.36,5.43
23/11/2549,rtk,3.02,5.25
24/11/2549,rtk,2.70,5.29
25/11/2549,rtk,2.70,5.86
26/11/2549,rtk,3.17,7.62
27/11/2549,rtk,2.03,6.39
28/11/2549,rtk,0.00,6.46
29/11/2549,rtk,2.59,6.58
30/11/2549,rtk,2.62,6.70
01/12/2549,rtk,2.83,8.41
02/12/2549,rtk,0.00,6.05
03/12/2549,rtk,2.15,6.92
04/12/2549,rtk,3.00,7.52
05/12/2549,rtk,2.32,8.43
06/12/2549,rtk,1.48,7.17
07/12/2549,rtk,2.59,6.78
08/12/2549,rtk,2.45,6.10
09/12/2549,rtk,2.36,3.44
10/12/2549,rtk,3.08,2.46
11/12/2549,rtk,3.73,4.90
12/12/2549,rtk,3.48,6.03
13/12/2549,rtk,2.63,7.08
14/12/2549,rtk,2.19,6.86
15/12/2549,rtk,2.87,7.09
16/12/2549,rtk,2.19,6.30
17/12/2549,rtk,2.58,8.20
18/12/2549,rtk,1.48,8.55
19/12/2549,rtk,1.36,7.86
20/12/2549,rtk,2.05,7.89
21/12/2549,rtk,1.61,6.92
22/12/2549,rtk,2.13,8.49
23/12/2549,rtk,1.32,8.50
24/12/2549,rtk,1.18,8.53
25/12/2549,rtk,1.31,8.51
26/12/2549,rtk,1.08,8.13
27/12/2549,rtk,1.64,8.48
28/12/2549,rtk,1.22,8.24
29/12/2549,rtk,0.00,6.71
30/12/2549,rtk,2.91,8.31
31/12/2549,rtk,1.34,8.48
01/01/2550,rtk,0.00,8.56
02/01/2550,rtk,1.25,8.62
03/01/2550,rtk,0.90,8.41
04/01/2550,rtk,1.13,6.12
05/01/2550,rtk,2.13,5.52
06/01/2550,rtk,2.28,6.40
07/01/2550,rtk,2.74,8.21
08/01/2550,rtk,1.49,8.08
09/01/2550,rtk,0.00,6.21
10/01/2550,rtk,0.00,4.36
11/01/2550,rtk,0.00,3.41
12/01/2550,rtk,0.69,3.03
13/01/2550,rtk,3.60,4.75
14/01/2550,rtk,1.86,5.85
15/01/2550,rtk,2.97,6.94
16/01/2550,rtk,2.33,6.94
17/01/2550,rtk,2.38,6.18
18/01/2550,rtk,2.03,5.29
19/01/2550,rtk,1.34,5.31
20/01/2550,rtk,1.07,3.64
21/01/2550,rtk,4.74,7.45
22/01/2550,rtk,2.26,8.31
23/01/2550,rtk,1.18,7.72
24/01/2550,rtk,1.80,7.55
25/01/2550,rtk,1.66,8.23
26/01/2550,rtk,1.22,7.97
27/01/2550,rtk,0.55,7.74
28/01/2550,rtk,1.93,8.32
29/01/2550,rtk,1.58,7.88
30/01/2550,rtk,1.61,8.50
31/01/2550,rtk,0.88,8.05
01/02/2550,rtk,1.10,8.18
02/02/2550,rtk,1.16,8.34
03/02/2550,rtk,0.98,7.74
04/02/2550,rtk,1.98,8.10
05/02/2550,rtk,1.55,8.05
06/02/2550,rtk,1.79,8.31
07/02/2550,rtk,1.14,8.35
08/02/2550,rtk,1.14,6.08
09/02/2550,rtk,1.09,5.41
10/02/2550,rtk,0.78,4.18
11/02/2550,rtk,3.78,7.44
12/02/2550,rtk,2.32,7.39
13/02/2550,rtk,2.32,7.27
14/02/2550,rtk,0.89,6.66
15/02/2550,rtk,1.10,4.79
16/02/2550,rtk,1.12,5.27
17/02/2550,rtk,0.55,4.89
18/02/2550,rtk,3.75,8.08
19/02/2550,rtk,1.70,7.97
20/02/2550,rtk,1.06,7.98
21/02/2550,rtk,0.70,5.64
22/02/2550,rtk,1.18,4.24
23/02/2550,rtk,0.98,3.52
24/02/2550,rtk,1.51,4.15
25/02/2550,rtk,5.56,8.36
26/02/2550,rtk,1.35,8.36
27/02/2550,rtk,1.49,7.87
28/02/2550,rtk,0.63,8.01
01/03/2550,rtk,1.83,7.83
02/03/2550,rtk,1.14,6.59
03/03/2550,rtk,0.41,5.91
04/03/2550,rtk,3.99,8.36
05/03/2550,rtk,0.96,6.91
06/03/2550,rtk,1.11,4.77
07/03/2550,rtk,3.58,7.20
08/03/2550,rtk,2.59,8.55
09/03/2550,rtk,1.35,8.06
10/03/2550,rtk,0.61,7.40
11/03/2550,rtk,2.29,7.96
12/03/2550,rtk,1.57,6.15
13/03/2550,rtk,2.66,6.87
14/03/2550,rtk,1.51,7.43
15/03/2550,rtk,2.39,8.70
16/03/2550,rtk,1.20,7.01
17/03/2550,rtk,0.00,4.98
18/03/2550,rtk,3.32,7.42
19/03/2550,rtk,2.41,7.84
20/03/2550,rtk,2.04,8.13
21/03/2550,rtk,1.57,8.04
22/03/2550,rtk,1.19,7.51
23/03/2550,rtk,1.99,5.99
24/03/2550,rtk,1.09,5.21
25/03/2550,rtk,2.61,7.18
26/03/2550,rtk,2.70,7.61
27/03/2550,rtk,1.23,5.82
28/03/2550,rtk,1.58,5.55
29/03/2550,rtk,2.12,5.91
30/03/2550,rtk,2.22,5.81
31/03/2550,rtk,1.65,3.17
01/04/2550,rtk,2.76,4.74
02/04/2550,rtk,3.14,5.46
03/04/2550,rtk,2.80,5.57
04/04/2550,rtk,2.55,6.42
05/04/2550,rtk,2.67,6.69
06/04/2550,rtk,0.00,4.93
07/04/2550,rtk,1.49,5.70
08/04/2550,rtk,4.19,9.69
09/04/2550,rtk,0.21,9.28
10/04/2550,rtk,0.51,9.06
11/04/2550,rtk,0.83,9.61
12/04/2550,rtk,0.29,8.17
13/04/2550,rtk,1.72,9.13
14/04/2550,rtk,0.64,8.17
15/04/2550,rtk,0.00,7.37
16/04/2550,rtk,2.37,8.63
17/04/2550,rtk,1.25,8.39
18/04/2550,rtk,1.39,7.92
19/04/2550,rtk,0.66,7.69
20/04/2550,rtk,0.81,6.29
21/04/2550,rtk,0.00,2.34
22/04/2550,rtk,6.65,8.01
23/04/2550,rtk,0.93,5.55
24/04/2550,rtk,1.87,4.25
25/04/2550,rtk,2.27,5.73
26/04/2550,rtk,2.95,7.91
27/04/2550,rtk,1.97,8.51
28/04/2550,rtk,0.72,8.23
29/04/2550,rtk,1.44,7.91
30/04/2550,rtk,1.13,8.64
01/05/2550,rtk,1.15,9.30
02/05/2550,rtk,0.37,7.80
03/05/2550,rtk,0.71,7.37
04/05/2550,rtk,2.33,7.50
05/05/2550,rtk,2.16,6.24
06/05/2550,rtk,2.59,8.02
07/05/2550,rtk,1.74,8.62
08/05/2550,rtk,0.96,6.83
09/05/2550,rtk,0.98,5.69
10/05/2550,rtk,2.25,5.05
11/05/2550,rtk,2.80,5.74
12/05/2550,rtk,1.20,5.94
13/05/2550,rtk,3.58,8.06
14/05/2550,rtk,1.69,7.82
15/05/2550,rtk,0.70,7.25
16/05/2550,rtk,1.11,5.63
17/05/2550,rtk,1.63,5.36
18/05/2550,rtk,2.18,6.49
19/05/2550,rtk,2.12,5.89
20/05/2550,rtk,3.47,7.09
21/05/2550,rtk,2.76,6.36
22/05/2550,rtk,1.93,6.39
23/05/2550,rtk,2.07,4.13
24/05/2550,rtk,2.41,4.18
25/05/2550,rtk,2.90,4.93
26/05/2550,rtk,2.17,4.24
27/05/2550,rtk,4.45,7.86
28/05/2550,rtk,1.33,8.10
29/05/2550,rtk,1.54,9.63
30/05/2550,rtk,0.00,9.64
31/05/2550,rtk,0.00,9.63
01/06/2550,rtk,0.00,9.63
02/06/2550,rtk,0.00,6.42
03/06/2550,rtk,3.17,8.19
04/06/2550,rtk,1.63,8.21
05/06/2550,rtk,1.45,8.89
06/06/2550,rtk,0.98,7.99
07/06/2550,rtk,0.52,6.76
08/06/2550,rtk,0.63,6.09
09/06/2550,rtk,0.00,4.05
10/06/2550,rtk,4.32,6.35
11/06/2550,rtk,2.11,4.48
12/06/2550,rtk,2.93,5.27
13/06/2550,rtk,2.42,5.33
14/06/2550,rtk,2.17,5.48
15/06/2550,rtk,1.75,5.42
16/06/2550,rtk,1.39,5.00
17/06/2550,rtk,4.82,7.57
18/06/2550,rtk,1.05,7.53
19/06/2550,rtk,1.62,7.92
20/06/2550,rtk,0.47,6.75
21/06/2550,rtk,2.04,7.63
22/06/2550,rtk,0.71,6.18
23/06/2550,rtk,0.00,3.53
24/06/2550,rtk,6.16,8.53
25/06/2550,rtk,0.98,8.45
26/06/2550,rtk,1.10,8.93
27/06/2550,rtk,0.57,8.96
28/06/2550,rtk,0.67,8.88
29/06/2550,rtk,0.88,8.82
30/06/2550,rtk,0.00,8.02
01/07/2550,rtk,1.87,8.63
02/07/2550,rtk,1.27,8.89
03/07/2550,rtk,0.90,7.87
04/07/2550,rtk,2.03,7.87
05/07/2550,rtk,1.29,7.75
06/07/2550,rtk,0.91,8.24
07/07/2550,rtk,1.13,8.08
08/07/2550,rtk,1.72,8.51
09/07/2550,rtk,1.39,8.60
10/07/2550,rtk,1.29,8.34
11/07/2550,rtk,1.32,7.33
12/07/2550,rtk,1.21,5.65
13/07/2550,rtk,1.10,5.32
14/07/2550,rtk,0.71,5.74
15/07/2550,rtk,3.47,8.15
16/07/2550,rtk,1.40,8.41
17/07/2550,rtk,1.49,8.93
18/07/2550,rtk,0.93,8.17
19/07/2550,rtk,0.00,5.17
20/07/2550,rtk,1.50,5.53
21/07/2550,rtk,1.84,7.00
22/07/2550,rtk,2.47,7.77
23/07/2550,rtk,1.22,7.59
24/07/2550,rtk,2.07,8.12
25/07/2550,rtk,0.95,7.20
26/07/2550,rtk,0.77,5.06
27/07/2550,rtk,2.06,3.44
28/07/2550,rtk,1.23,2.59
29/07/2550,rtk,4.87,6.66
30/07/2550,rtk,1.84,7.57
31/07/2550,rtk,1.39,8.12
01/08/2550,rtk,1.62,8.06
02/08/2550,rtk,1.30,8.45
03/08/2550,rtk,0.00,5.89
04/08/2550,rtk,0.69,3.51
05/08/2550,rtk,4.54,7.62
06/08/2550,rtk,2.14,8.37
07/08/2550,rtk,1.30,8.61
08/08/2550,rtk,1.29,8.35
09/08/2550,rtk,1.26,8.62
10/08/2550,rtk,0.71,8.06
11/08/2550,rtk,0.32,5.89
12/08/2550,rtk,3.05,7.69
13/08/2550,rtk,0.75,8.12
14/08/2550,rtk,0.76,4.88
15/08/2550,rtk,2.04,3.94
16/08/2550,rtk,3.03,3.61
17/08/2550,rtk,2.49,3.60
18/08/2550,rtk,2.22,5.01
19/08/2550,rtk,4.14,8.63
20/08/2550,rtk,1.26,6.19
21/08/2550,rtk,1.37,5.07
22/08/2550,rtk,2.54,5.92
23/08/2550,rtk,2.00,7.06
24/08/2550,rtk,2.55,7.42
25/08/2550,rtk,2.36,8.34
26/08/2550,rtk,1.02,8.21
27/08/2550,rtk,1.69,7.61
28/08/2550,rtk,1.02,6.77
29/08/2550,rtk,1.72,6.89
30/08/2550,rtk,1.57,5.74
31/08/2550,rtk,4.12,7.05
01/09/2550,rtk,1.54,4.91
02/09/2550,rtk,2.51,5.45
03/09/2550,rtk,2.52,6.15
04/09/2550,rtk,2.77,7.13
05/09/2550,rtk,2.37,7.29
06/09/2550,rtk,2.58,6.84
07/09/2550,rtk,0.00,6.16
08/09/2550,rtk,0.00,3.44
09/09/2550,rtk,4.01,6.50
10/09/2550,rtk,3.36,7.67
11/09/2550,rtk,2.13,6.59
12/09/2550,rtk,0.00,4.76
13/09/2550,rtk,0.00,4.07
14/09/2550,rtk,2.76,3.74
15/09/2550,rtk,2.16,2.66
16/09/2550,rtk,4.26,5.64
17/09/2550,rtk,3.27,7.28
18/09/2550,rtk,0.00,7.57
19/09/2550,rtk,0.00,7.69
20/09/2550,rtk,0.00,8.57
21/09/2550,rtk,0.00,8.54
22/09/2550,rtk,0.00,6.48
23/09/2550,rtk,0.00,7.57
24/09/2550,rtk,0.00,5.55
25/09/2550,rtk,0.00,4.30
26/09/2550,rtk,0.00,4.85
27/09/2550,rtk,0.00,5.13
28/09/2550,rtk,0.00,4.39
29/09/2550,rtk,0.00,4.47
30/09/2550,rtk,0.00,6.02
01/10/2550,rtk,0.00,6.62
02/10/2550,rtk,0.00,6.87
03/10/2550,rtk,0.00,7.01
04/10/2550,rtk,0.00,7.42
05/10/2550,rtk,0.00,6.54
06/10/2550,rtk,0.00,5.96
07/10/2550,rtk,0.00,6.71
08/10/2550,rtk,0.00,7.19
09/10/2550,rtk,0.00,6.57
10/10/2550,rtk,0.00,6.61
11/10/2550,rtk,0.00,7.97
12/10/2550,rtk,0.00,6.17
13/10/2550,rtk,0.00,6.78
14/10/2550,rtk,0.00,8.34
15/10/2550,rtk,0.00,6.62
16/10/2550,rtk,0.00,6.25
17/10/2550,rtk,0.00,6.55
18/10/2550,rtk,0.00,6.46
19/10/2550,rtk,0.00,4.33
20/10/2550,rtk,0.00,3.98
21/10/2550,rtk,0.00,7.28
22/10/2550,rtk,0.00,6.74
23/10/2550,rtk,0.00,5.21
24/10/2550,rtk,0.00,4.97
25/10/2550,rtk,0.00,5.26
26/10/2550,rtk,0.00,7.41
27/10/2550,rtk,0.00,7.63
28/10/2550,rtk,0.00,7.42
29/10/2550,rtk,0.00,5.30
30/10/2550,rtk,0.00,5.98
31/10/2550,rtk,0.00,8.01
01/11/2550,rtk,0.00,6.56
02/11/2550,rtk,0.00,6.76
03/11/2550,rtk,0.00,6.49
04/11/2550,rtk,0.00,7.36
05/11/2550,rtk,0.00,7.17
06/11/2550,rtk,0.00,7.61
07/11/2550,rtk,0.00,6.86
08/11/2550,rtk,0.00,6.68
09/11/2550,rtk,0.00,6.62
10/11/2550,rtk,0.00,4.52
11/11/2550,rtk,0.00,7.33
12/11/2550,rtk,0.00,7.12
13/11/2550,rtk,0.00,4.41
14/11/2550,rtk,0.00,6.01
15/11/2550,rtk,0.00,5.92
16/11/2550,rtk,0.00,5.43
17/11/2550,rtk,0.00,3.54
18/11/2550,rtk,0.00,6.21
19/11/2550,rtk,0.00,6.75
20/11/2550,rtk,0.00,7.31
21/11/2550,rtk,0.00,7.21
22/11/2550,rtk,0.00,6.91
23/11/2550,rtk,0.00,7.89
24/11/2550,rtk,0.00,8.88
25/11/2550,rtk,0.00,8.18
26/11/2550,rtk,0.00,7.95
27/11/2550,rtk,0.00,8.02
28/11/2550,rtk,0.00,7.71
29/11/2550,rtk,0.00,8.24
30/11/2550,rtk,0.00,6.81
01/12/2550,rtk,0.00,6.82
02/12/2550,rtk,0.00,8.34
03/12/2550,rtk,0.00,7.09
04/12/2550,rtk,0.00,6.61
05/12/2550,rtk,0.00,7.86
06/12/2550,rtk,0.00,6.31
07/12/2550,rtk,0.00,3.68
08/12/2550,rtk,0.00,2.59
09/12/2550,rtk,0.00,4.96
10/12/2550,rtk,0.00,4.65
11/12/2550,rtk,0.00,6.83
12/12/2550,rtk,0.00,6.48
13/12/2550,rtk,0.00,6.51
14/12/2550,rtk,0.00,5.13
15/12/2550,rtk,0.00,3.64
16/12/2550,rtk,0.00,5.38
17/12/2550,rtk,0.00,4.25
18/12/2550,rtk,0.00,2.56
19/12/2550,rtk,0.00,3.17
20/12/2550,rtk,0.00,3.43
21/12/2550,rtk,0.00,5.11
22/12/2550,rtk,0.00,2.26
23/12/2550,rtk,0.00,6.99
24/12/2550,rtk,0.00,8.17
25/12/2550,rtk,0.00,7.63
26/12/2550,rtk,0.00,6.57
27/12/2550,rtk,0.00,7.26
28/12/2550,rtk,0.00,6.21
29/12/2550,rtk,0.00,5.39
30/12/2550,rtk,0.00,7.43
31/12/2550,rtk,0.00,7.88
01/01/2551,rtk,0.00,8.07
02/01/2551,rtk,0.00,8.75
03/01/2551,rtk,0.00,8.63
04/01/2551,rtk,0.00,7.46
05/01/2551,rtk,0.00,6.19
06/01/2551,rtk,0.00,7.36
07/01/2551,rtk,0.00,8.36
08/01/2551,rtk,0.00,8.50
09/01/2551,rtk,0.00,7.60
10/01/2551,rtk,0.00,8.40
11/01/2551,rtk,0.00,7.95
12/01/2551,rtk,0.00,6.63
13/01/2551,rtk,0.00,7.85
14/01/2551,rtk,0.00,7.74
15/01/2551,rtk,0.00,7.73
16/01/2551,rtk,0.00,8.41
17/01/2551,rtk,0.00,7.90
18/01/2551,rtk,0.00,8.50
19/01/2551,rtk,0.00,8.17
20/01/2551,rtk,0.00,7.74
21/01/2551,rtk,0.00,8.58
22/01/2551,rtk,0.00,7.57
23/01/2551,rtk,0.00,7.42
24/01/2551,rtk,0.00,7.18
25/01/2551,rtk,0.00,6.89
26/01/2551,rtk,0.00,6.43
27/01/2551,rtk,0.00,6.44
28/01/2551,rtk,0.00,5.38
29/01/2551,rtk,0.00,3.29
30/01/2551,rtk,0.00,1.49
31/01/2551,rtk,0.49,0.31
01/02/2551,rtk,0.00,0.31
02/02/2551,rtk,0.00,0.31
03/02/2551,rtk,0.00,0.31
04/02/2551,rtk,0.00,0.31
05/02/2551,rtk,0.00,0.31
06/02/2551,rtk,0.00,0.31
07/02/2551,rtk,0.00,0.31
08/02/2551,rtk,0.00,0.31
09/02/2551,rtk,0.00,0.31
10/02/2551,rtk,0.00,0.31
11/02/2551,rtk,0.00,0.31
12/02/2551,rtk,0.00,0.31
13/02/2551,rtk,0.00,0.31
14/02/2551,rtk,0.00,0.31
15/02/2551,rtk,0.00,0.31
16/02/2551,rtk,0.00,0.31
17/02/2551,rtk,0.00,0.31
18/02/2551,rtk,0.00,0.31
19/02/2551,rtk,0.00,0.31
20/02/2551,rtk,0.00,0.31
21/02/2551,rtk,0.00,0.31
22/02/2551,rtk,0.00,0.31
23/02/2551,rtk,0.00,3.32
24/02/2551,rtk,0.00,6.60
25/02/2551,rtk,0.00,7.83
26/02/2551,rtk,0.00,4.12
27/02/2551,rtk,0.00,2.84
28/02/2551,rtk,0.00,2.65
29/02/2551,rtk,0.00,3.24
01/03/2551,rtk,0.00,3.28
02/03/2551,rtk,0.00,5.41
03/03/2551,rtk,0.00,8.15
04/03/2551,rtk,0.00,8.96
05/03/2551,rtk,0.00,9.49
06/03/2551,rtk,0.00,8.12
07/03/2551,rtk,0.00,6.87
08/03/2551,rtk,0.00,3.08
09/03/2551,rtk,0.00,6.34
10/03/2551,rtk,0.00,6.42
11/03/2551,rtk,0.00,5.19
12/03/2551,rtk,0.00,4.19
13/03/2551,rtk,0.00,3.77
14/03/2551,rtk,0.00,3.55
15/03/2551,rtk,0.00,1.47
16/03/2551,rtk,0.00,5.36
17/03/2551,rtk,0.00,7.03
18/03/2551,rtk,0.00,5.69
19/03/2551,rtk,0.00,6.54
20/03/2551,rtk,0.00,7.06
21/03/2551,rtk,0.00,7.07
22/03/2551,rtk,0.00,5.65
23/03/2551,rtk,0.00,7.94
24/03/2551,rtk,0.00,8.18
25/03/2551,rtk,0.00,5.62
26/03/2551,rtk,0.00,5.36
27/03/2551,rtk,0.00,5.68
28/03/2551,rtk,0.00,4.23
29/03/2551,rtk,0.00,3.66
30/03/2551,rtk,0.00,6.19
31/03/2551,rtk,0.00,7.83
01/04/2551,rtk,0.00,6.50
02/04/2551,rtk,0.00,3.65
03/04/2551,rtk,0.00,3.59
04/04/2551,rtk,0.00,4.93
05/04/2551,rtk,0.00,4.62
06/04/2551,rtk,0.00,8.11
07/04/2551,rtk,0.00,6.99
08/04/2551,rtk,0.00,4.09
09/04/2551,rtk,0.00,3.15
10/04/2551,rtk,0.00,1.57
11/04/2551,rtk,0.00,3.96
12/04/2551,rtk,0.00,3.96
13/04/2551,rtk,0.00,3.48
14/04/2551,rtk,0.00,6.82
15/04/2551,rtk,0.00,7.36
16/04/2551,rtk,0.00,9.20
17/04/2551,rtk,0.00,7.92
18/04/2551,rtk,0.00,4.61
19/04/2551,rtk,0.00,1.51
20/04/2551,rtk,0.00,5.22
21/04/2551,rtk,0.00,6.12
22/04/2551,rtk,0.00,5.90
23/04/2551,rtk,0.00,7.61
24/04/2551,rtk,0.00,7.24
25/04/2551,rtk,0.00,8.32
26/04/2551,rtk,0.00,8.31
27/04/2551,rtk,0.00,7.98
28/04/2551,rtk,0.00,9.48
29/04/2551,rtk,0.00,8.88
30/04/2551,rtk,0.00,7.87
01/05/2551,rtk,0.00,9.43
02/05/2551,rtk,0.00,8.59
03/05/2551,rtk,0.00,7.35
04/05/2551,rtk,0.00,7.88
05/05/2551,rtk,0.00,8.61
06/05/2551,rtk,0.00,7.63
07/05/2551,rtk,0.00,7.99
08/05/2551,rtk,0.00,8.73
09/05/2551,rtk,0.00,7.70
10/05/2551,rtk,0.00,7.70
11/05/2551,rtk,0.00,8.05
12/05/2551,rtk,0.00,8.84
13/05/2551,rtk,0.00,9.08
14/05/2551,rtk,0.00,8.59
15/05/2551,rtk,0.00,9.05
16/05/2551,rtk,0.00,8.45
17/05/2551,rtk,0.00,7.86
18/05/2551,rtk,0.00,7.86
19/05/2551,rtk,0.00,8.84
20/05/2551,rtk,0.00,9.41
21/05/2551,rtk,0.00,7.94
22/05/2551,rtk,0.00,6.43
23/05/2551,rtk,0.00,5.59
24/05/2551,rtk,0.00,5.97
25/05/2551,rtk,0.00,5.47
26/05/2551,rtk,0.00,6.68
27/05/2551,rtk,0.00,4.52
28/05/2551,rtk,0.00,5.10
29/05/2551,rtk,0.00,5.11
30/05/2551,rtk,0.00,5.81
31/05/2551,rtk,0.00,5.34
01/06/2551,rtk,0.00,8.49
02/06/2551,rtk,0.00,8.36
03/06/2551,rtk,0.00,8.36
04/06/2551,rtk,0.00,8.65
05/06/2551,rtk,0.00,7.68
06/06/2551,rtk,0.00,7.31
07/06/2551,rtk,0.00,5.80
08/06/2551,rtk,0.00,7.79
09/06/2551,rtk,0.00,8.07
10/06/2551,rtk,0.00,7.14
11/06/2551,rtk,0.00,7.27
12/06/2551,rtk,0.00,6.31
13/06/2551,rtk,0.00,6.97
14/06/2551,rtk,0.00,6.97
15/06/2551,rtk,0.00,7.63
16/06/2551,rtk,0.00,7.69
17/06/2551,rtk,0.00,7.45
18/06/2551,rtk,0.00,7.86
19/06/2551,rtk,0.00,8.43
20/06/2551,rtk,0.00,8.26
21/06/2551,rtk,0.00,6.78
22/06/2551,rtk,0.00,6.42
23/06/2551,rtk,0.00,5.83
24/06/2551,rtk,0.00,6.50
25/06/2551,rtk,0.00,7.13
26/06/2551,rtk,0.00,6.56
27/06/2551,rtk,0.00,5.85
28/06/2551,rtk,0.00,4.58
29/06/2551,rtk,0.00,7.12
30/06/2551,rtk,0.00,5.31
01/07/2551,rtk,0.00,7.05
02/07/2551,rtk,0.00,8.10
03/07/2551,rtk,0.00,8.34
04/07/2551,rtk,0.00,8.40
05/07/2551,rtk,0.00,5.45
06/07/2551,rtk,0.00,7.56
07/07/2551,rtk,0.00,8.30
08/07/2551,rtk,0.00,8.10
09/07/2551,rtk,0.00,9.16
10/07/2551,rtk,0.00,8.49
11/07/2551,rtk,0.00,7.76
12/07/2551,rtk,0.00,6.19
13/07/2551,rtk,0.00,8.20
14/07/2551,rtk,0.00,7.49
15/07/2551,rtk,0.00,6.02
16/07/2551,rtk,0.00,5.80
17/07/2551,rtk,0.00,4.43
18/07/2551,rtk,0.00,4.93
19/07/2551,rtk,0.00,5.21
20/07/2551,rtk,0.00,8.95
21/07/2551,rtk,0.00,7.25
22/07/2551,rtk,0.00,5.62
23/07/2551,rtk,0.00,5.56
24/07/2551,rtk,0.00,5.98
25/07/2551,rtk,0.00,6.83
26/07/2551,rtk,0.00,8.22
27/07/2551,rtk,0.00,7.97
28/07/2551,rtk,0.00,8.82
29/07/2551,rtk,0.00,7.20
30/07/2551,rtk,0.00,5.30
31/07/2551,rtk,0.00,5.45
01/08/2551,rtk,0.00,5.37
02/08/2551,rtk,0.00,6.88
03/08/2551,rtk,0.00,8.17
04/08/2551,rtk,0.00,8.96
05/08/2551,rtk,0.00,8.29
06/08/2551,rtk,0.00,8.26
07/08/2551,rtk,0.00,7.53
08/08/2551,rtk,0.00,7.16
09/08/2551,rtk,0.00,5.65
10/08/2551,rtk,0.00,6.59
11/08/2551,rtk,0.00,8.33
12/08/2551,rtk,0.00,8.63
13/08/2551,rtk,0.00,8.18
14/08/2551,rtk,0.00,5.15
15/08/2551,rtk,0.00,4.76
16/08/2551,rtk,0.00,3.35
17/08/2551,rtk,0.00,6.47
18/08/2551,rtk,0.00,6.43
19/08/2551,rtk,0.00,7.98
20/08/2551,rtk,0.00,7.35
21/08/2551,rtk,0.00,5.16
22/08/2551,rtk,0.00,7.24
23/08/2551,rtk,0.00,5.71
24/08/2551,rtk,0.00,7.37
25/08/2551,rtk,0.00,7.60
26/08/2551,rtk,0.00,6.23
27/08/2551,rtk,0.00,7.08
28/08/2551,rtk,0.00,7.86
29/08/2551,rtk,0.00,8.97
30/08/2551,rtk,0.00,6.76
31/08/2551,rtk,0.00,7.74
01/09/2551,rtk,0.00,8.95
02/09/2551,rtk,0.00,8.32
03/09/2551,rtk,0.00,8.29
04/09/2551,rtk,0.00,7.33
05/09/2551,rtk,0.00,7.48
06/09/2551,rtk,0.00,6.70
07/09/2551,rtk,0.00,8.03
08/09/2551,rtk,0.00,8.77
09/09/2551,rtk,0.00,8.15
10/09/2551,rtk,0.00,7.55
11/09/2551,rtk,0.00,7.72
12/09/2551,rtk,0.00,7.58
13/09/2551,rtk,0.00,8.08
14/09/2551,rtk,0.00,8.40
15/09/2551,rtk,0.00,8.27
16/09/2551,rtk,0.00,8.39
17/09/2551,rtk,0.00,8.44
18/09/2551,rtk,0.00,7.39
19/09/2551,rtk,0.00,7.53
20/09/2551,rtk,0.00,9.05
21/09/2551,rtk,0.00,8.34
22/09/2551,rtk,0.00,8.02
23/09/2551,rtk,0.00,7.32
24/09/2551,rtk,0.00,6.38
25/09/2551,rtk,0.00,6.39
26/09/2551,rtk,0.00,7.27
27/09/2551,rtk,0.00,6.03
28/09/2551,rtk,0.00,8.40
29/09/2551,rtk,0.00,8.32
30/09/2551,rtk,0.00,8.36
01/10/2551,rtk,0.00,8.52
02/10/2551,rtk,0.00,8.15
03/10/2551,rtk,0.00,7.67
04/10/2551,rtk,0.00,6.82
05/10/2551,rtk,0.00,7.30
06/10/2551,rtk,0.00,7.82
07/10/2551,rtk,0.00,8.20
08/10/2551,rtk,0.00,7.95
09/10/2551,rtk,0.00,7.61
10/10/2551,rtk,0.00,5.78
11/10/2551,rtk,0.00,4.52
12/10/2551,rtk,0.00,7.67
13/10/2551,rtk,0.00,6.65
14/10/2551,rtk,0.00,7.86
15/10/2551,rtk,0.00,8.47
16/10/2551,rtk,0.00,6.97
17/10/2551,rtk,0.00,6.91
18/10/2551,rtk,0.00,7.64
19/10/2551,rtk,0.00,8.14
20/10/2551,rtk,0.00,8.17
21/10/2551,rtk,0.00,7.26
22/10/2551,rtk,0.00,7.34
23/10/2551,rtk,0.00,6.53
24/10/2551,rtk,0.00,6.86
25/10/2551,rtk,0.00,7.46
26/10/2551,rtk,0.00,8.46
27/10/2551,rtk,0.00,8.65
28/10/2551,rtk,0.00,7.31
29/10/2551,rtk,0.00,7.40
30/10/2551,rtk,0.00,8.02
31/10/2551,rtk,0.00,7.87
01/11/2551,rtk,0.00,7.76
02/11/2551,rtk,0.00,8.20
03/11/2551,rtk,0.00,8.50
04/11/2551,rtk,0.00,8.13
05/11/2551,rtk,0.00,8.15
06/11/2551,rtk,0.00,7.67
07/11/2551,rtk,0.00,7.86
08/11/2551,rtk,0.00,8.41
09/11/2551,rtk,0.00,8.27
10/11/2551,rtk,0.00,8.29
11/11/2551,rtk,0.00,8.23
12/11/2551,rtk,0.00,8.72
13/11/2551,rtk,0.00,8.14
14/11/2551,rtk,0.00,8.80
15/11/2551,rtk,0.00,7.02
16/11/2551,rtk,0.00,6.96
17/11/2551,rtk,0.00,7.84
18/11/2551,rtk,0.00,8.54
19/11/2551,rtk,0.00,8.57
20/11/2551,rtk,0.00,7.93
21/11/2551,rtk,0.00,7.83
22/11/2551,rtk,0.00,6.28
23/11/2551,rtk,0.00,7.65
24/11/2551,rtk,0.00,6.81
25/11/2551,rtk,0.00,8.21
26/11/2551,rtk,0.00,8.79
27/11/2551,rtk,0.00,8.33
28/11/2551,rtk,0.00,8.87
29/11/2551,rtk,0.00,8.40
30/11/2551,rtk,0.00,7.61
01/12/2551,rtk,0.00,8.51
02/12/2551,rtk,0.00,5.77
03/12/2551,rtk,0.00,7.63
04/12/2551,rtk,0.00,7.67
05/12/2551,rtk,0.00,7.84
06/12/2551,rtk,0.00,8.40
07/12/2551,rtk,0.00,7.83
08/12/2551,rtk,0.00,8.40
09/12/2551,rtk,0.00,8.92
10/12/2551,rtk,0.00,8.94
11/12/2551,rtk,0.00,7.96
12/12/2551,rtk,0.00,6.78
13/12/2551,rtk,0.00,6.78
14/12/2551,rtk,0.00,7.75
15/12/2551,rtk,0.00,7.31
16/12/2551,rtk,0.00,8.36
17/12/2551,rtk,0.00,8.40
18/12/2551,rtk,0.00,8.55
19/12/2551,rtk,0.00,8.58
20/12/2551,rtk,0.00,8.55
21/12/2551,rtk,0.00,8.33
22/12/2551,rtk,0.00,7.87
23/12/2551,rtk,0.00,8.42
24/12/2551,rtk,0.00,8.63
25/12/2551,rtk,0.00,8.55
26/12/2551,rtk,0.00,8.18
27/12/2551,rtk,0.00,7.93
28/12/2551,rtk,0.00,7.22
29/12/2551,rtk,0.00,6.89
30/12/2551,rtk,0.00,7.70
31/12/2551,rtk,0.00,5.45
01/01/2552,rtk,0.00,7.61
02/01/2552,rtk,0.00,8.16
03/01/2552,rtk,0.00,7.21
04/01/2552,rtk,0.00,7.54
05/01/2552,rtk,0.00,8.09
06/01/2552,rtk,0.00,8.43
07/01/2552,rtk,0.00,8.38
08/01/2552,rtk,0.00,7.72
09/01/2552,rtk,0.00,7.05
10/01/2552,rtk,0.00,7.96
11/01/2552,rtk,0.00,8.09
12/01/2552,rtk,0.00,8.45
13/01/2552,rtk,0.00,8.21
14/01/2552,rtk,0.00,8.60
15/01/2552,rtk,0.00,7.68
16/01/2552,rtk,0.00,7.85
17/01/2552,rtk,0.00,6.66
18/01/2552,rtk,0.00,7.08
19/01/2552,rtk,0.00,7.72
20/01/2552,rtk,0.00,7.80
21/01/2552,rtk,0.00,8.31
22/01/2552,rtk,0.00,7.56
23/01/2552,rtk,0.00,6.49
24/01/2552,rtk,0.00,4.20
25/01/2552,rtk,0.00,7.68
26/01/2552,rtk,0.00,8.34
27/01/2552,rtk,0.00,8.12
28/01/2552,rtk,0.00,7.20
29/01/2552,rtk,0.00,5.74
30/01/2552,rtk,0.00,5.53
31/01/2552,rtk,0.00,3.37
01/02/2552,rtk,0.00,6.23
02/02/2552,rtk,0.00,6.94
03/02/2552,rtk,0.00,7.07
04/02/2552,rtk,0.00,7.55
05/02/2552,rtk,0.00,7.80
06/02/2552,rtk,0.00,8.12
07/02/2552,rtk,0.00,7.58
08/02/2552,rtk,0.00,6.93
09/02/2552,rtk,0.00,5.97
10/02/2552,rtk,0.00,8.05
11/02/2552,rtk,0.00,6.08
12/02/2552,rtk,0.00,6.90
13/02/2552,rtk,0.00,5.96
14/02/2552,rtk,0.00,5.95
15/02/2552,rtk,0.00,8.02
16/02/2552,rtk,0.00,8.16
17/02/2552,rtk,0.00,6.46
18/02/2552,rtk,0.00,6.27
19/02/2552,rtk,0.00,5.50
20/02/2552,rtk,0.00,5.58
21/02/2552,rtk,0.00,5.73
22/02/2552,rtk,0.00,7.55
23/02/2552,rtk,0.00,5.00
24/02/2552,rtk,0.00,4.86
25/02/2552,rtk,0.00,5.03
26/02/2552,rtk,0.00,6.37
27/02/2552,rtk,0.00,7.74
28/02/2552,rtk,0.00,8.35
01/03/2552,rtk,0.00,8.33
02/03/2552,rtk,0.00,7.73
03/03/2552,rtk,0.00,8.17
04/03/2552,rtk,0.00,6.10
05/03/2552,rtk,0.00,4.74
06/03/2552,rtk,0.00,5.02
07/03/2552,rtk,0.00,5.59
08/03/2552,rtk,0.00,7.04
09/03/2552,rtk,0.00,5.69
10/03/2552,rtk,0.00,5.42
11/03/2552,rtk,0.00,5.76
12/03/2552,rtk,0.00,6.45
13/03/2552,rtk,0.00,7.16
14/03/2552,rtk,0.00,8.65
15/03/2552,rtk,0.00,8.47
16/03/2552,rtk,0.00,8.66
17/03/2552,rtk,0.00,8.06
18/03/2552,rtk,0.00,8.04
19/03/2552,rtk,0.00,8.45
20/03/2552,rtk,0.00,7.83
21/03/2552,rtk,0.00,8.49
22/03/2552,rtk,0.00,8.05
23/03/2552,rtk,0.00,6.72
24/03/2552,rtk,0.00,5.93
25/03/2552,rtk,0.00,7.88
26/03/2552,rtk,0.00,7.84
27/03/2552,rtk,0.00,7.03
28/03/2552,rtk,0.00,7.66
29/03/2552,rtk,0.00,8.03
30/03/2552,rtk,0.00,8.75
31/03/2552,rtk,0.00,8.97
01/04/2552,rtk,0.00,9.02
02/04/2552,rtk,0.00,7.74
03/04/2552,rtk,0.00,7.04
04/04/2552,rtk,0.00,6.81
05/04/2552,rtk,0.00,7.79
06/04/2552,rtk,0.00,7.79
07/04/2552,rtk,0.00,8.54
08/04/2552,rtk,0.00,7.62
09/04/2552,rtk,0.00,8.59
10/04/2552,rtk,0.00,8.51
11/04/2552,rtk,0.00,7.99
12/04/2552,rtk,0.00,5.92
13/04/2552,rtk,0.00,6.34
14/04/2552,rtk,0.00,6.63
15/04/2552,rtk,0.00,7.75
16/04/2552,rtk,0.00,6.68
17/04/2552,rtk,0.00,4.19
18/04/2552,rtk,0.00,4.34
19/04/2552,rtk,0.00,7.42
20/04/2552,rtk,0.00,6.35
21/04/2552,rtk,0.00,6.15
22/04/2552,rtk,0.00,5.32
23/04/2552,rtk,0.00,5.25
24/04/2552,rtk,0.00,5.30
25/04/2552,rtk,0.00,6.89
26/04/2552,rtk,0.00,8.26
27/04/2552,rtk,0.00,8.73
28/04/2552,rtk,0.00,8.38
29/04/2552,rtk,0.00,8.94
30/04/2552,rtk,0.00,8.94
01/05/2552,rtk,0.00,8.37
02/05/2552,rtk,0.00,8.37
03/05/2552,rtk,0.00,8.48
04/05/2552,rtk,0.00,6.28
05/05/2552,rtk,0.00,2.99
06/05/2552,rtk,0.00,2.66
07/05/2552,rtk,0.00,2.31
08/05/2552,rtk,0.00,3.77
09/05/2552,rtk,0.00,5.15
10/05/2552,rtk,0.00,7.96
11/05/2552,rtk,0.00,8.53
12/05/2552,rtk,0.00,8.37
13/05/2552,rtk,0.00,8.57
14/05/2552,rtk,0.00,8.54
15/05/2552,rtk,0.00,8.27
16/05/2552,rtk,0.00,7.72
17/05/2552,rtk,0.00,8.36
18/05/2552,rtk,0.00,8.34
19/05/2552,rtk,0.00,7.45
20/05/2552,rtk,0.00,7.20
21/05/2552,rtk,0.00,6.62
22/05/2552,rtk,0.00,7.47
23/05/2552,rtk,0.00,7.47
24/05/2552,rtk,0.00,7.46
25/05/2552,rtk,0.00,7.46
26/05/2552,rtk,0.00,7.46
27/05/2552,rtk,0.00,7.46
28/05/2552,rtk,0.00,7.45
29/05/2552,rtk,0.00,7.45
30/05/2552,rtk,0.00,7.45
31/05/2552,rtk,0.00,7.45
01/06/2552,rtk,0.00,7.45
02/06/2552,rtk,0.00,7.45
03/06/2552,rtk,0.00,7.45
04/06/2552,rtk,0.00,7.44
05/06/2552,rtk,0.00,7.44
06/06/2552,rtk,0.00,7.44
07/06/2552,rtk,0.00,7.43
08/06/2552,rtk,0.00,7.43
09/06/2552,rtk,0.00,7.43
10/06/2552,rtk,0.00,7.43
11/06/2552,rtk,0.00,7.43
12/06/2552,rtk,0.00,7.43
13/06/2552,rtk,0.00,7.43
14/06/2552,rtk,0.00,7.42
15/06/2552,rtk,0.00,7.42
16/06/2552,rtk,0.00,7.42
17/06/2552,rtk,0.00,7.42
18/06/2552,rtk,0.00,7.42
19/06/2552,rtk,0.00,7.42
20/06/2552,rtk,0.00,7.41
21/06/2552,rtk,0.00,7.41
22/06/2552,rtk,0.00,7.41
23/06/2552,rtk,0.00,7.41
24/06/2552,rtk,0.00,7.41
25/06/2552,rtk,0.00,7.40
26/06/2552,rtk,0.00,7.40
27/06/2552,rtk,0.00,7.40
28/06/2552,rtk,0.00,7.40
29/06/2552,rtk,0.00,7.40
30/06/2552,rtk,0.00,7.40
01/07/2552,rtk,0.00,7.39
02/07/2552,rtk,0.00,7.39
03/07/2552,rtk,0.00,7.39
04/07/2552,rtk,0.00,7.39
05/07/2552,rtk,0.00,7.38
06/07/2552,rtk,0.00,7.39
07/07/2552,rtk,0.00,7.39
08/07/2552,rtk,0.00,7.38
09/07/2552,rtk,0.00,7.38
10/07/2552,rtk,0.00,7.38
11/07/2552,rtk,0.00,7.38
12/07/2552,rtk,0.00,7.38
13/07/2552,rtk,0.00,7.38
14/07/2552,rtk,0.00,7.38
15/07/2552,rtk,0.00,7.38
16/07/2552,rtk,0.00,7.38
17/07/2552,rtk,0.00,7.37
18/07/2552,rtk,0.00,7.37
19/07/2552,rtk,0.00,7.37
20/07/2552,rtk,0.00,7.37
21/07/2552,rtk,0.00,7.37
22/07/2552,rtk,0.00,7.37
23/07/2552,rtk,0.00,7.36
24/07/2552,rtk,0.00,7.36
25/07/2552,rtk,0.00,7.36
26/07/2552,rtk,0.00,7.36
27/07/2552,rtk,0.00,7.36
28/07/2552,rtk,0.00,7.36
29/07/2552,rtk,0.00,7.36
30/07/2552,rtk,0.00,7.36
31/07/2552,rtk,0.00,7.36
01/08/2552,rtk,0.00,7.36
02/08/2552,rtk,0.00,7.35
03/08/2552,rtk,0.00,7.35
04/08/2552,rtk,0.00,7.35
05/08/2552,rtk,0.00,7.35
06/08/2552,rtk,0.00,7.34
07/08/2552,rtk,0.00,7.34
08/08/2552,rtk,0.00,7.34
09/08/2552,rtk,0.00,7.34
10/08/2552,rtk,0.00,7.34
11/08/2552,rtk,0.00,7.34
12/08/2552,rtk,0.00,7.34
13/08/2552,rtk,0.00,7.34
14/08/2552,rtk,0.00,7.35
15/08/2552,rtk,0.00,7.35
16/08/2552,rtk,0.00,7.35
17/08/2552,rtk,0.00,7.35
18/08/2552,rtk,0.00,7.35
19/08/2552,rtk,0.00,7.37
20/08/2552,rtk,0.00,7.37
21/08/2552,rtk,0.00,7.37
22/08/2552,rtk,0.00,7.39
23/08/2552,rtk,0.00,7.39
24/08/2552,rtk,0.00,7.40
25/08/2552,rtk,0.00,7.41
26/08/2552,rtk,0.00,7.41
27/08/2552,rtk,0.00,7.41
28/08/2552,rtk,0.00,7.41
29/08/2552,rtk,0.00,7.41
30/08/2552,rtk,0.00,7.41
31/08/2552,rtk,0.00,7.41
01/09/2552,rtk,0.00,7.41
02/09/2552,rtk,0.00,7.41
03/09/2552,rtk,0.00,7.41
04/09/2552,rtk,0.00,7.41
05/09/2552,rtk,0.00,7.41
06/09/2552,rtk,0.00,7.41
07/09/2552,rtk,0.00,7.41
08/09/2552,rtk,0.00,7.41
09/09/2552,rtk,0.00,7.41
10/09/2552,rtk,0.00,7.41
11/09/2552,rtk,0.00,7.42
12/09/2552,rtk,0.00,7.42
13/09/2552,rtk,0.00,7.42
14/09/2552,rtk,0.00,7.43
15/09/2552,rtk,0.00,7.43
16/09/2552,rtk,0.00,7.43
17/09/2552,rtk,0.00,7.43
18/09/2552,rtk,0.00,7.43
19/09/2552,rtk,0.00,7.44
20/09/2552,rtk,0.00,7.44
21/09/2552,rtk,0.00,7.44
22/09/2552,rtk,0.00,7.44
23/09/2552,rtk,0.00,7.44
24/09/2552,rtk,0.00,7.45
25/09/2552,rtk,0.00,7.45
26/09/2552,rtk,0.00,7.45
27/09/2552,rtk,0.00,7.45
28/09/2552,rtk,0.00,7.45
29/09/2552,rtk,0.00,7.45
30/09/2552,rtk,0.00,7.45
01/10/2552,rtk,0.00,7.49
02/10/2552,rtk,0.00,7.49
03/10/2552,rtk,0.00,7.49
04/10/2552,rtk,0.00,7.49
05/10/2552,rtk,0.00,7.49
06/10/2552,rtk,0.00,7.48
07/10/2552,rtk,0.00,7.48
08/10/2552,rtk,0.00,7.48
09/10/2552,rtk,0.00,7.48
10/10/2552,rtk,0.00,7.48
11/10/2552,rtk,0.00,7.48
12/10/2552,rtk,0.00,7.48
13/10/2552,rtk,0.00,7.48
14/10/2552,rtk,0.00,7.48
15/10/2552,rtk,0.00,7.48
16/10/2552,rtk,0.00,7.48
17/10/2552,rtk,0.00,7.48
18/10/2552,rtk,0.00,7.48
19/10/2552,rtk,0.00,7.48
20/10/2552,rtk,0.00,7.48
21/10/2552,rtk,0.00,7.48
22/10/2552,rtk,0.00,7.48
23/10/2552,rtk,0.00,7.48
24/10/2552,rtk,0.00,7.48
25/10/2552,rtk,0.00,7.48
26/10/2552,rtk,0.00,7.48
27/10/2552,rtk,0.00,7.48
28/10/2552,rtk,0.00,7.54
29/10/2552,rtk,0.00,7.54
30/10/2552,rtk,0.00,7.54
31/10/2552,rtk,0.00,7.54
01/11/2552,rtk,0.00,7.54
02/11/2552,rtk,0.00,7.54
03/11/2552,rtk,0.00,7.53
04/11/2552,rtk,0.00,7.53
05/11/2552,rtk,0.00,7.53
06/11/2552,rtk,0.00,7.52
07/11/2552,rtk,0.00,7.52
08/11/2552,rtk,0.00,7.52
09/11/2552,rtk,0.00,7.52
10/11/2552,rtk,0.00,7.52
11/11/2552,rtk,0.00,7.52
12/11/2552,rtk,0.00,7.52
13/11/2552,rtk,0.00,7.52
14/11/2552,rtk,0.00,7.52
15/11/2552,rtk,0.00,7.52
16/11/2552,rtk,0.00,7.52
17/11/2552,rtk,0.00,7.51
18/11/2552,rtk,0.00,7.51
19/11/2552,rtk,0.00,7.51
20/11/2552,rtk,0.00,7.50
21/11/2552,rtk,0.00,7.50
22/11/2552,rtk,0.00,7.50
23/11/2552,rtk,0.00,7.50
24/11/2552,rtk,0.00,7.49
25/11/2552,rtk,0.00,7.49
26/11/2552,rtk,0.00,7.49
27/11/2552,rtk,0.00,7.49
28/11/2552,rtk,0.00,7.49
29/11/2552,rtk,0.00,7.49
30/11/2552,rtk,0.00,7.48
01/12/2552,rtk,0.00,7.47
02/12/2552,rtk,0.00,7.37
03/12/2552,rtk,0.00,7.29
04/12/2552,rtk,0.00,6.29
05/12/2552,rtk,0.00,8.08
06/12/2552,rtk,0.00,8.08
07/12/2552,rtk,0.00,8.07
08/12/2552,rtk,0.00,8.50
09/12/2552,rtk,0.00,7.40
10/12/2552,rtk,0.00,7.13
11/12/2552,rtk,0.00,7.66
12/12/2552,rtk,0.00,7.80
13/12/2552,rtk,0.00,7.27
14/12/2552,rtk,0.00,4.62
15/12/2552,rtk,0.00,4.91
16/12/2552,rtk,0.00,5.60
17/12/2552,rtk,0.00,5.98
18/12/2552,rtk,0.00,7.24
19/12/2552,rtk,0.00,7.96
20/12/2552,rtk,0.00,7.67
21/12/2552,rtk,0.00,7.80
22/12/2552,rtk,0.00,8.29
23/12/2552,rtk,0.00,6.63
24/12/2552,rtk,0.00,6.65
25/12/2552,rtk,0.00,5.03
26/12/2552,rtk,0.00,6.52
27/12/2552,rtk,0.00,7.38
28/12/2552,rtk,0.00,7.94
29/12/2552,rtk,0.00,8.64
30/12/2552,rtk,0.00,8.64
31/12/2552,rtk,0.00,6.75
01/01/2553,rtk,0.00,6.52
02/01/2553,rtk,0.00,7.10
03/01/2553,rtk,0.00,6.89
04/01/2553,rtk,0.00,7.64
05/01/2553,rtk,0.00,6.19
06/01/2553,rtk,0.00,6.00
07/01/2553,rtk,0.00,6.42
08/01/2553,rtk,0.00,7.04
09/01/2553,rtk,0.00,7.25
10/01/2553,rtk,0.00,6.48
11/01/2553,rtk,0.00,7.07
12/01/2553,rtk,0.00,7.95
13/01/2553,rtk,0.00,9.49
14/01/2553,rtk,0.00,8.90
15/01/2553,rtk,0.00,8.75
16/01/2553,rtk,0.00,8.49
17/01/2553,rtk,0.00,8.30
18/01/2553,rtk,0.00,9.09
19/01/2553,rtk,0.00,8.73
20/01/2553,rtk,0.00,8.58
21/01/2553,rtk,0.00,9.03
22/01/2553,rtk,0.00,9.03
23/01/2553,rtk,0.00,9.03
24/01/2553,rtk,0.00,9.03
25/01/2553,rtk,0.00,7.46
26/01/2553,rtk,0.00,7.23
27/01/2553,rtk,0.00,6.83
28/01/2553,rtk,0.00,7.52
29/01/2553,rtk,0.00,7.12
30/01/2553,rtk,0.00,7.12
31/01/2553,rtk,0.00,8.41
01/02/2553,rtk,0.00,8.66
02/02/2553,rtk,0.00,6.44
03/02/2553,rtk,0.00,6.30
04/02/2553,rtk,0.00,7.05
05/02/2553,rtk,0.00,7.07
06/02/2553,rtk,0.00,6.99
07/02/2553,rtk,0.00,7.76
08/02/2553,rtk,0.00,7.40
09/02/2553,rtk,0.00,5.43
10/02/2553,rtk,0.00,5.05
11/02/2553,rtk,0.00,5.70
12/02/2553,rtk,0.00,6.22
13/02/2553,rtk,0.00,5.42
14/02/2553,rtk,0.00,6.78
15/02/2553,rtk,0.00,7.57
16/02/2553,rtk,0.00,7.61
17/02/2553,rtk,0.00,7.60
18/02/2553,rtk,0.00,7.82
19/02/2553,rtk,0.00,8.74
20/02/2553,rtk,0.00,7.86
21/02/2553,rtk,0.00,7.91
22/02/2553,rtk,0.00,8.01
23/02/2553,rtk,0.00,8.21
24/02/2553,rtk,0.00,8.15
25/02/2553,rtk,0.00,7.08
26/02/2553,rtk,0.00,7.09
27/02/2553,rtk,0.00,5.99
28/02/2553,rtk,0.00,4.63
01/03/2553,rtk,0.00,5.52
02/03/2553,rtk,0.00,4.27
03/03/2553,rtk,0.00,4.62
04/03/2553,rtk,0.00,5.85
05/03/2553,rtk,0.00,6.79
06/03/2553,rtk,0.00,6.03
07/03/2553,rtk,0.00,7.01
08/03/2553,rtk,0.00,7.34
09/03/2553,rtk,0.00,8.38
10/03/2553,rtk,0.00,8.56
11/03/2553,rtk,0.00,8.93
12/03/2553,rtk,0.00,8.59
13/03/2553,rtk,0.00,6.34
14/03/2553,rtk,0.00,6.17
15/03/2553,rtk,0.00,5.03
16/03/2553,rtk,0.00,5.99
17/03/2553,rtk,0.00,7.36
18/03/2553,rtk,0.00,8.83
19/03/2553,rtk,0.00,8.84
20/03/2553,rtk,0.00,8.64
21/03/2553,rtk,0.00,7.69
22/03/2553,rtk,0.00,9.12
23/03/2553,rtk,0.00,6.19
24/03/2553,rtk,0.00,4.91
25/03/2553,rtk,0.00,4.82
26/03/2553,rtk,0.00,7.47
27/03/2553,rtk,0.00,6.23
28/03/2553,rtk,0.00,6.90
29/03/2553,rtk,0.00,7.34
30/03/2553,rtk,0.00,6.42
31/03/2553,rtk,0.00,3.60
01/04/2553,rtk,0.00,5.42
02/04/2553,rtk,0.00,6.66
03/04/2553,rtk,0.00,7.38
04/04/2553,rtk,0.00,7.38
05/04/2553,rtk,0.00,7.49
06/04/2553,rtk,0.00,5.94
07/04/2553,rtk,0.00,5.12
08/04/2553,rtk,0.00,4.66
09/04/2553,rtk,0.00,5.56
10/04/2553,rtk,0.00,4.35
11/04/2553,rtk,0.00,5.42
12/04/2553,rtk,0.00,6.23
13/04/2553,rtk,0.00,7.65
14/04/2553,rtk,0.00,5.93
15/04/2553,rtk,0.00,7.86
16/04/2553,rtk,0.00,8.15
17/04/2553,rtk,0.00,8.12
18/04/2553,rtk,0.00,8.17
19/04/2553,rtk,0.00,8.94
20/04/2553,rtk,0.00,8.29
21/04/2553,rtk,0.00,5.71
22/04/2553,rtk,0.00,5.91
23/04/2553,rtk,0.00,7.91
24/04/2553,rtk,0.00,8.68
25/04/2553,rtk,0.00,8.87
26/04/2553,rtk,0.00,8.78
27/04/2553,rtk,0.00,8.41
28/04/2553,rtk,0.00,9.47
29/04/2553,rtk,0.00,7.96
30/04/2553,rtk,0.00,7.89
01/05/2553,rtk,0.00,8.19
02/05/2553,rtk,0.00,8.47
03/05/2553,rtk,0.00,8.24
04/05/2553,rtk,0.00,8.24
05/05/2553,rtk,0.00,7.50
06/05/2553,rtk,0.00,7.20
07/05/2553,rtk,0.00,5.47
08/05/2553,rtk,0.00,4.66
09/05/2553,rtk,0.00,5.79
10/05/2553,rtk,0.00,5.71
11/05/2553,rtk,0.00,6.45
12/05/2553,rtk,0.00,6.97
13/05/2553,rtk,0.00,6.29
14/05/2553,rtk,0.00,6.52
15/05/2553,rtk,0.00,6.84
16/05/2553,rtk,0.00,9.11
17/05/2553,rtk,0.00,8.88
18/05/2553,rtk,0.00,8.59
19/05/2553,rtk,0.00,8.32
20/05/2553,rtk,0.00,7.92
21/05/2553,rtk,0.00,7.04
22/05/2553,rtk,0.00,6.47
23/05/2553,rtk,0.00,9.12
24/05/2553,rtk,0.00,8.65
25/05/2553,rtk,0.00,7.91
26/05/2553,rtk,0.00,7.91
27/05/2553,rtk,0.00,6.01
28/05/2553,rtk,0.00,7.43
29/05/2553,rtk,0.00,7.36
30/05/2553,rtk,0.00,7.70
31/05/2553,rtk,0.00,8.73
01/06/2553,rtk,0.00,8.84
02/06/2553,rtk,0.00,7.87
03/06/2553,rtk,0.00,7.87
04/06/2553,rtk,0.00,7.87
05/06/2553,rtk,0.00,7.87
06/06/2553,rtk,0.00,7.87
07/06/2553,rtk,0.00,8.68
08/06/2553,rtk,0.00,8.59
09/06/2553,rtk,0.00,8.08
10/06/2553,rtk,0.00,8.11
11/06/2553,rtk,0.00,8.10
12/06/2553,rtk,0.00,4.69
13/06/2553,rtk,0.00,7.20
14/06/2553,rtk,0.00,5.47
15/06/2553,rtk,0.00,4.10
16/06/2553,rtk,0.00,5.93
17/06/2553,rtk,0.00,7.83
18/06/2553,rtk,0.00,4.89
19/06/2553,rtk,0.00,7.10
20/06/2553,rtk,0.00,6.93
21/06/2553,rtk,0.00,6.98
22/06/2553,rtk,0.00,7.50
23/06/2553,rtk,0.00,7.49
24/06/2553,rtk,0.00,7.49
25/06/2553,rtk,0.00,7.27
26/06/2553,rtk,0.00,6.77
27/06/2553,rtk,0.00,8.04
28/06/2553,rtk,0.00,8.94
29/06/2553,rtk,0.00,8.94
30/06/2553,rtk,0.00,8.94
01/07/2553,rtk,0.00,8.94
02/07/2553,rtk,0.00,8.94
03/07/2553,rtk,0.00,8.94
04/07/2553,rtk,0.00,8.93
05/07/2553,rtk,0.00,7.99
06/07/2553,rtk,0.00,6.44
07/07/2553,rtk,0.00,6.05
08/07/2553,rtk,0.00,5.38
09/07/2553,rtk,0.00,5.22
10/07/2553,rtk,0.00,4.01
11/07/2553,rtk,0.00,4.01
12/07/2553,rtk,0.00,3.63
13/07/2553,rtk,0.00,4.57
14/07/2553,rtk,0.00,5.15
15/07/2553,rtk,0.00,5.46
16/07/2553,rtk,0.00,5.46
17/07/2553,rtk,0.00,5.46
18/07/2553,rtk,0.00,5.46
19/07/2553,rtk,0.00,7.12
20/07/2553,rtk,0.00,7.12
21/07/2553,rtk,0.00,5.57
22/07/2553,rtk,0.00,5.57
23/07/2553,rtk,0.00,6.94
24/07/2553,rtk,0.00,7.69
25/07/2553,rtk,0.00,7.69
26/07/2553,rtk,0.00,8.63
27/07/2553,rtk,0.00,7.99
28/07/2553,rtk,0.00,7.41
29/07/2553,rtk,0.00,7.42
30/07/2553,rtk,0.00,7.41
31/07/2553,rtk,0.00,7.41
01/08/2553,rtk,0.00,7.41
02/08/2553,rtk,0.00,8.02
03/08/2553,rtk,0.00,7.47
04/08/2553,rtk,0.00,6.44
05/08/2553,rtk,0.00,5.72
06/08/2553,rtk,0.00,6.16
07/08/2553,rtk,0.00,5.77
08/08/2553,rtk,0.00,7.86
09/08/2553,rtk,0.00,7.34
10/08/2553,rtk,0.00,7.07
11/08/2553,rtk,0.00,7.82
12/08/2553,rtk,0.00,7.84
13/08/2553,rtk,0.00,5.73
14/08/2553,rtk,0.00,5.73
15/08/2553,rtk,0.00,8.40
16/08/2553,rtk,0.00,8.48
17/08/2553,rtk,0.00,8.15
18/08/2553,rtk,0.00,4.70
19/08/2553,rtk,0.00,4.13
20/08/2553,rtk,0.00,4.48
21/08/2553,rtk,0.00,4.49
22/08/2553,rtk,0.00,8.15
23/08/2553,rtk,0.00,6.99
24/08/2553,rtk,0.00,5.72
25/08/2553,rtk,0.00,6.57
26/08/2553,rtk,0.00,4.82
27/08/2553,rtk,0.00,5.34
28/08/2553,rtk,0.00,6.24
29/08/2553,rtk,0.00,7.58
30/08/2553,rtk,0.00,8.04
31/08/2553,rtk,0.00,6.90
01/09/2553,rtk,0.00,5.28
02/09/2553,rtk,0.00,3.66
03/09/2553,rtk,0.00,5.53
04/09/2553,rtk,0.00,6.17
05/09/2553,rtk,0.00,8.42
06/09/2553,rtk,0.00,8.16
07/09/2553,rtk,0.00,6.94
08/09/2553,rtk,0.00,5.19
09/09/2553,rtk,0.00,6.51
10/09/2553,rtk,0.00,7.15
11/09/2553,rtk,0.00,6.15
12/09/2553,rtk,0.00,7.39
13/09/2553,rtk,0.00,9.23
14/09/2553,rtk,0.00,7.96
15/09/2553,rtk,0.00,6.14
16/09/2553,rtk,0.00,5.40
17/09/2553,rtk,0.00,6.38
18/09/2553,rtk,0.00,5.84
19/09/2553,rtk,0.00,6.30
20/09/2553,rtk,0.00,5.66
21/09/2553,rtk,0.00,6.74
22/09/2553,rtk,0.00,6.36
23/09/2553,rtk,0.00,5.64
24/09/2553,rtk,0.00,5.41
25/09/2553,rtk,0.00,4.35
26/09/2553,rtk,0.00,3.35
27/09/2553,rtk,0.00,5.66
28/09/2553,rtk,0.00,5.58
29/09/2553,rtk,0.00,7.31
30/09/2553,rtk,0.00,6.07
01/10/2553,rtk,0.00,7.57
02/10/2553,rtk,0.00,6.99
03/10/2553,rtk,0.00,8.27
04/10/2553,rtk,0.00,8.89
05/10/2553,rtk,0.00,8.14
06/10/2553,rtk,0.00,6.83
07/10/2553,rtk,0.00,5.01
08/10/2553,rtk,0.00,3.80
09/10/2553,rtk,0.00,3.15
10/10/2553,rtk,0.00,5.94
11/10/2553,rtk,0.00,7.03
12/10/2553,rtk,0.00,7.63
13/10/2553,rtk,0.00,6.31
14/10/2553,rtk,0.00,7.05
15/10/2553,rtk,0.00,7.09
16/10/2553,rtk,0.00,7.98
17/10/2553,rtk,0.00,6.91
18/10/2553,rtk,0.00,9.45
19/10/2553,rtk,0.00,9.45
20/10/2553,rtk,0.00,9.89
21/10/2553,rtk,0.00,9.89
22/10/2553,rtk,0.00,9.89
23/10/2553,rtk,0.00,9.89
24/10/2553,rtk,0.00,9.89
25/10/2553,rtk,0.00,9.89
26/10/2553,rtk,0.00,9.89
27/10/2553,rtk,0.00,9.88
28/10/2553,rtk,0.00,9.87
29/10/2553,rtk,0.00,9.87
30/10/2553,rtk,0.00,9.86
31/10/2553,rtk,0.00,9.86
01/11/2553,rtk,0.00,9.86
02/11/2553,rtk,0.00,9.85
03/11/2553,rtk,0.00,9.85
04/11/2553,rtk,0.00,9.84
05/11/2553,rtk,0.00,9.84
06/11/2553,rtk,0.00,9.84
07/11/2553,rtk,0.00,9.83
08/11/2553,rtk,0.00,9.83
09/11/2553,rtk,0.00,9.83
10/11/2553,rtk,0.00,9.83
11/11/2553,rtk,0.00,9.82
12/11/2553,rtk,0.00,9.82
13/11/2553,rtk,0.00,9.82
14/11/2553,rtk,0.00,9.82
15/11/2553,rtk,0.00,9.81
16/11/2553,rtk,0.00,9.74
17/11/2553,rtk,0.00,9.61
18/11/2553,rtk,0.00,8.96
19/11/2553,rtk,0.00,8.95
20/11/2553,rtk,0.00,8.65
21/11/2553,rtk,0.00,8.29
22/11/2553,rtk,0.00,7.24
23/11/2553,rtk,0.00,6.93
24/11/2553,rtk,0.00,6.92
25/11/2553,rtk,0.00,6.14
26/11/2553,rtk,0.00,5.46
27/11/2553,rtk,0.00,5.46
28/11/2553,rtk,0.00,6.63
29/11/2553,rtk,0.00,7.91
30/11/2553,rtk,0.00,8.40
01/12/2553,rtk,0.00,8.96
02/12/2553,rtk,0.00,8.96
03/12/2553,rtk,0.00,9.64
04/12/2553,rtk,0.00,9.25
05/12/2553,rtk,0.00,8.90
06/12/2553,rtk,0.00,9.79
07/12/2553,rtk,0.00,9.02
08/12/2553,rtk,0.00,8.87
09/12/2553,rtk,0.00,7.95
10/12/2553,rtk,0.00,7.63
11/12/2553,rtk,0.00,7.63
12/12/2553,rtk,0.00,7.43
13/12/2553,rtk,0.00,8.91
14/12/2553,rtk,0.00,8.60
15/12/2553,rtk,0.00,8.22
16/12/2553,rtk,0.00,7.24
17/12/2553,rtk,0.00,9.64
18/12/2553,rtk,0.00,9.40
19/12/2553,rtk,0.00,8.93
20/12/2553,rtk,0.00,9.63
21/12/2553,rtk,0.00,7.96
22/12/2553,rtk,0.00,7.73
23/12/2553,rtk,0.00,6.18
24/12/2553,rtk,0.00,6.18
25/12/2553,rtk,0.00,6.18
26/12/2553,rtk,0.00,8.71
27/12/2553,rtk,0.00,9.76
28/12/2553,rtk,0.00,9.75
29/12/2553,rtk,0.00,9.75
30/12/2553,rtk,0.00,9.08
31/12/2553,rtk,0.00,9.21
01/01/2554,rtk,0.00,8.73
02/01/2554,rtk,0.00,8.38
03/01/2554,rtk,0.00,8.53
04/01/2554,rtk,0.00,9.66
05/01/2554,rtk,0.00,9.20
06/01/2554,rtk,0.00,9.81
07/01/2554,rtk,0.00,9.80
08/01/2554,rtk,0.00,8.93
09/01/2554,rtk,0.00,8.93
10/01/2554,rtk,0.00,8.92
11/01/2554,rtk,0.00,9.42
12/01/2554,rtk,0.00,9.42
13/01/2554,rtk,0.00,9.41
14/01/2554,rtk,0.00,9.41
15/01/2554,rtk,0.00,9.41
16/01/2554,rtk,0.00,9.41
17/01/2554,rtk,0.00,9.40
18/01/2554,rtk,0.00,8.86
19/01/2554,rtk,0.00,8.86
20/01/2554,rtk,0.00,8.54
21/01/2554,rtk,0.00,8.18
22/01/2554,rtk,0.00,6.62
23/01/2554,rtk,0.00,7.22
24/01/2554,rtk,0.00,5.76
25/01/2554,rtk,0.00,5.50
26/01/2554,rtk,0.00,6.53
27/01/2554,rtk,0.00,5.77
28/01/2554,rtk,0.00,7.11
29/01/2554,rtk,0.00,7.06
30/01/2554,rtk,0.00,7.06
31/01/2554,rtk,0.00,8.43
01/02/2554,rtk,0.00,8.43
02/02/2554,rtk,0.00,8.42
03/02/2554,rtk,0.00,7.43
04/02/2554,rtk,0.00,7.43
05/02/2554,rtk,0.00,7.09
06/02/2554,rtk,0.00,9.11
07/02/2554,rtk,0.00,8.47
08/02/2554,rtk,0.00,8.47
09/02/2554,rtk,0.00,8.47
10/02/2554,rtk,0.00,7.62
11/02/2554,rtk,0.00,5.84
12/02/2554,rtk,0.00,4.66
13/02/2554,rtk,0.00,8.35
14/02/2554,rtk,0.00,8.34
15/02/2554,rtk,0.00,9.12
16/02/2554,rtk,0.00,9.46
17/02/2554,rtk,0.00,8.70
18/02/2554,rtk,0.00,7.66
19/02/2554,rtk,0.00,6.06
20/02/2554,rtk,0.00,8.09
21/02/2554,rtk,0.00,9.78
22/02/2554,rtk,0.00,9.78
23/02/2554,rtk,0.00,9.25
24/02/2554,rtk,0.00,7.39
25/02/2554,rtk,0.00,5.87
26/02/2554,rtk,0.00,5.87
27/02/2554,rtk,0.00,8.89
28/02/2554,rtk,0.00,8.20
01/03/2554,rtk,0.00,6.69
02/03/2554,rtk,0.00,6.68
03/03/2554,rtk,0.00,7.56
04/03/2554,rtk,0.00,8.34
05/03/2554,rtk,0.00,8.34
06/03/2554,rtk,0.00,8.34
07/03/2554,rtk,0.00,6.22
08/03/2554,rtk,0.00,8.38
09/03/2554,rtk,0.00,9.13
10/03/2554,rtk,0.00,9.38
11/03/2554,rtk,0.00,9.32
12/03/2554,rtk,0.00,9.03
13/03/2554,rtk,0.00,9.03
14/03/2554,rtk,0.00,8.27
15/03/2554,rtk,0.00,8.29
16/03/2554,rtk,0.00,8.78
17/03/2554,rtk,0.00,9.13
18/03/2554,rtk,0.00,9.13
19/03/2554,rtk,0.00,8.40
20/03/2554,rtk,0.00,8.13
21/03/2554,rtk,0.00,6.96
22/03/2554,rtk,0.00,8.32
23/03/2554,rtk,0.00,8.86
24/03/2554,rtk,0.00,8.98
25/03/2554,rtk,0.00,8.63
26/03/2554,rtk,0.00,9.91
27/03/2554,rtk,0.00,9.28
28/03/2554,rtk,0.00,9.91
29/03/2554,rtk,0.00,9.45
30/03/2554,rtk,0.00,9.62
31/03/2554,rtk,0.00,9.62
01/04/2554,rtk,0.00,4.47
02/04/2554,rtk,0.00,3.07
03/04/2554,rtk,0.00,6.22
04/04/2554,rtk,0.00,5.24
05/04/2554,rtk,0.00,5.48
06/04/2554,rtk,0.00,6.50
07/04/2554,rtk,0.00,7.05
08/04/2554,rtk,0.00,7.46
09/04/2554,rtk,0.00,7.46
10/04/2554,rtk,0.00,9.28
11/04/2554,rtk,0.00,9.91
12/04/2554,rtk,0.00,9.91
13/04/2554,rtk,0.00,9.91
14/04/2554,rtk,0.00,9.91
15/04/2554,rtk,0.00,9.91
16/04/2554,rtk,0.00,9.06
17/04/2554,rtk,0.00,9.06
18/04/2554,rtk,0.00,7.83
19/04/2554,rtk,0.00,7.83
20/04/2554,rtk,0.00,7.83
21/04/2554,rtk,0.00,6.96
22/04/2554,rtk,0.00,4.34
23/04/2554,rtk,0.00,4.34
24/04/2554,rtk,0.00,9.13
25/04/2554,rtk,0.00,9.08
26/04/2554,rtk,0.00,9.85
27/04/2554,rtk,0.00,9.85
28/04/2554,rtk,0.00,9.27
29/04/2554,rtk,0.00,5.98
30/04/2554,rtk,0.00,5.98
01/05/2554,rtk,0.00,5.98
02/05/2554,rtk,0.00,6.74
03/05/2554,rtk,0.00,7.47
04/05/2554,rtk,0.00,7.31
05/05/2554,rtk,0.00,8.04
06/05/2554,rtk,0.00,6.92
07/05/2554,rtk,0.00,6.92
08/05/2554,rtk,0.00,6.92
09/05/2554,rtk,0.00,7.50
10/05/2554,rtk,0.00,6.48
11/05/2554,rtk,0.00,4.33
12/05/2554,rtk,0.00,3.92
13/05/2554,rtk,0.00,4.54
14/05/2554,rtk,0.00,5.32
15/05/2554,rtk,0.00,9.21
16/05/2554,rtk,0.00,9.01
17/05/2554,rtk,0.00,6.77
18/05/2554,rtk,0.00,9.03
19/05/2554,rtk,0.00,7.09
20/05/2554,rtk,0.00,7.82
21/05/2554,rtk,0.00,7.43
22/05/2554,rtk,0.00,6.08
23/05/2554,rtk,0.00,4.37
24/05/2554,rtk,0.00,3.57
25/05/2554,rtk,0.00,4.78
26/05/2554,rtk,0.00,6.64
27/05/2554,rtk,0.00,6.14
28/05/2554,rtk,0.00,4.49
29/05/2554,rtk,0.00,7.95
30/05/2554,rtk,0.00,7.62
31/05/2554,rtk,0.00,5.24
01/06/2554,rtk,0.00,6.32
02/06/2554,rtk,0.00,5.03
03/06/2554,rtk,0.00,4.74
04/06/2554,rtk,0.00,4.74
05/06/2554,rtk,0.00,5.94
06/06/2554,rtk,0.00,8.32
07/06/2554,rtk,0.00,7.25
08/06/2554,rtk,0.00,6.69
09/06/2554,rtk,0.00,5.11
10/06/2554,rtk,0.00,5.06
11/06/2554,rtk,0.00,5.70
12/06/2554,rtk,0.00,9.04
13/06/2554,rtk,0.00,9.04
14/06/2554,rtk,0.00,9.04
15/06/2554,rtk,0.00,8.31
16/06/2554,rtk,0.00,7.88
17/06/2554,rtk,0.00,7.53
18/06/2554,rtk,0.00,6.92
19/06/2554,rtk,0.00,8.10
20/06/2554,rtk,0.00,8.82
21/06/2554,rtk,0.00,7.57
22/06/2554,rtk,0.00,7.85
23/06/2554,rtk,0.00,6.63
24/06/2554,rtk,0.00,6.62
25/06/2554,rtk,0.00,6.63
26/06/2554,rtk,0.00,8.29
27/06/2554,rtk,0.00,8.29
28/06/2554,rtk,0.00,8.29
29/06/2554,rtk,0.00,8.02
30/06/2554,rtk,0.00,7.79
01/07/2554,rtk,0.00,8.38
02/07/2554,rtk,0.00,8.38
03/07/2554,rtk,0.00,7.88
04/07/2554,rtk,0.00,7.88
05/07/2554,rtk,0.00,7.65
06/07/2554,rtk,0.00,6.10
07/07/2554,rtk,0.00,3.98
08/07/2554,rtk,0.00,3.98
09/07/2554,rtk,0.00,3.98
10/07/2554,rtk,0.00,3.98
11/07/2554,rtk,0.00,5.55
12/07/2554,rtk,0.00,5.55
13/07/2554,rtk,0.00,5.55
14/07/2554,rtk,0.00,5.55
15/07/2554,rtk,0.00,5.55
16/07/2554,rtk,0.00,5.55
17/07/2554,rtk,0.00,8.49
18/07/2554,rtk,0.00,8.89
19/07/2554,rtk,0.00,7.53
20/07/2554,rtk,0.00,7.27
21/07/2554,rtk,0.00,7.27
22/07/2554,rtk,0.00,7.27
23/07/2554,rtk,0.00,6.00
24/07/2554,rtk,0.00,8.21
25/07/2554,rtk,0.00,8.62
26/07/2554,rtk,0.00,7.71
27/07/2554,rtk,0.00,7.43
28/07/2554,rtk,0.00,6.95
29/07/2554,rtk,0.00,6.55
30/07/2554,rtk,0.00,6.55
31/07/2554,rtk,0.00,8.39
01/08/2554,rtk,0.00,8.93
02/08/2554,rtk,0.00,6.15
03/08/2554,rtk,0.00,5.70
04/08/2554,rtk,0.00,5.80
05/08/2554,rtk,0.00,5.03
06/08/2554,rtk,0.00,4.34
07/08/2554,rtk,0.00,6.51
08/08/2554,rtk,0.00,7.24
09/08/2554,rtk,0.00,8.47
10/08/2554,rtk,0.00,8.80
11/08/2554,rtk,0.00,7.50
12/08/2554,rtk,0.00,8.03
13/08/2554,rtk,0.00,7.01
14/08/2554,rtk,0.00,6.11
15/08/2554,rtk,0.00,8.00
16/08/2554,rtk,0.00,8.00
17/08/2554,rtk,0.00,7.53
18/08/2554,rtk,0.00,7.51
19/08/2554,rtk,0.00,8.57
20/08/2554,rtk,0.00,5.50
21/08/2554,rtk,0.00,5.50
22/08/2554,rtk,0.00,3.64
23/08/2554,rtk,0.00,2.92
24/08/2554,rtk,0.00,4.14
25/08/2554,rtk,0.00,4.50
26/08/2554,rtk,0.00,5.78
27/08/2554,rtk,0.00,4.54
28/08/2554,rtk,0.00,7.35
29/08/2554,rtk,0.00,7.22
30/08/2554,rtk,0.00,4.57
31/08/2554,rtk,0.00,5.28
01/09/2554,rtk,0.00,4.25
02/09/2554,rtk,0.00,5.95
03/09/2554,rtk,0.00,5.10
04/09/2554,rtk,0.00,7.27
05/09/2554,rtk,0.00,6.70
06/09/2554,rtk,0.00,4.63
07/09/2554,rtk,0.00,4.63
08/09/2554,rtk,0.00,5.16
09/09/2554,rtk,0.00,6.15
10/09/2554,rtk,0.00,5.92
11/09/2554,rtk,0.00,7.98
12/09/2554,rtk,0.00,8.72
13/09/2554,rtk,0.00,7.29
14/09/2554,rtk,0.00,6.90
15/09/2554,rtk,0.00,6.04
16/09/2554,rtk,0.00,6.74
17/09/2554,rtk,0.00,6.31
18/09/2554,rtk,0.00,6.80
19/09/2554,rtk,0.00,6.46
20/09/2554,rtk,0.00,6.74
21/09/2554,rtk,0.00,6.74
22/09/2554,rtk,0.00,6.74
23/09/2554,rtk,0.00,6.74
24/09/2554,rtk,0.00,7.37
25/09/2554,rtk,0.00,7.58
26/09/2554,rtk,0.00,7.97
27/09/2554,rtk,0.00,8.64
28/09/2554,rtk,0.00,7.54
29/09/2554,rtk,0.00,7.54
30/09/2554,rtk,0.00,8.20
01/10/2554,rtk,0.00,7.20
02/10/2554,rtk,0.00,6.79
03/10/2554,rtk,0.00,8.42
04/10/2554,rtk,0.00,8.95
05/10/2554,rtk,0.00,8.95
06/10/2554,rtk,0.00,8.95
07/10/2554,rtk,0.00,8.95
08/10/2554,rtk,0.00,8.95
09/10/2554,rtk,0.00,8.95
10/10/2554,rtk,0.00,8.95
11/10/2554,rtk,0.00,8.95
12/10/2554,rtk,0.00,8.95
13/10/2554,rtk,0.00,8.95
14/10/2554,rtk,0.00,8.96
15/10/2554,rtk,0.00,8.96
16/10/2554,rtk,0.00,8.96
17/10/2554,rtk,0.00,8.97
18/10/2554,rtk,0.00,8.97
19/10/2554,rtk,0.00,8.97
